,L1,L2,L3,L4,L5,M12,tb,mh1,mh2,mAh,mHm,h1bb,h1tt,h1tautau,h1VV,HBresult
0,0.16123099999999999,0.30164,0.125743,-0.357056,-0.21088,-107152.0,2.07321,124.675187,540.045492,535.366426,539.488775,1.12376455,0.968941301,1.12376455,0.99816316,1.0
1,0.16123099999999999,0.30164,0.125743,-0.357056,-0.21088,-109648.0,2.07321,124.766931,545.89826,541.290932,545.3685,1.12102003,0.969680669,1.12102003,0.998244968,1.0
2,0.16123099999999999,0.30164,0.125743,-0.357056,-0.21088,-112202.0,2.07321,124.856564,551.823722,547.286723,551.319948,1.11833428,0.970401913,1.11833428,0.998323164,1.0
3,0.16123099999999999,0.30164,0.125743,-0.357056,-0.21088,-114815.0,2.07321,124.944122,557.821845,553.353792,557.343115,1.11570649,0.971105398,1.11570649,0.998397894,1.0
4,0.16123099999999999,0.30164,0.125743,-0.357056,-0.21088,-117490.0,2.07321,125.029705,563.897086,559.496672,563.442503,1.11313399,0.97179199,1.11313399,0.998469354,1.0
5,0.16123099999999999,0.30164,0.125743,-0.357056,-0.21088,-120226.0,2.07321,125.113282,570.044746,565.710633,569.613421,1.11061798,0.972461503,1.11061798,0.99853762,1.0
6,0.16123099999999999,0.30164,0.125743,-0.357056,-0.21088,-123027.0,2.07321,125.194975,576.271351,572.002296,575.862445,1.10815504,0.973114983,1.10815504,0.998602896,1.0
7,0.16123099999999999,0.30164,0.125743,-0.357056,-0.21088,-125893.0,2.07321,125.274784,582.574371,578.369125,582.18706,1.10574546,0.973752476,1.10574546,0.998665276,1.0
8,0.16123099999999999,0.30164,0.125743,-0.357056,-0.21088,-128825.0,2.07321,125.352738,588.953516,584.810848,588.587,1.10338859,0.974374282,1.10338859,0.998724875,1.0
9,0.16123099999999999,0.30164,0.125743,-0.357056,-0.21088,-131826.0,2.07321,125.428918,595.412761,591.331502,595.066276,1.1010822,0.9749811,1.1010822,0.998781846,1.0
10,0.16123099999999999,0.30164,0.125743,-0.357056,-0.21088,-134896.0,2.07321,125.503325,601.949529,597.928503,601.622326,1.0988265,0.97557299,1.0988265,0.998836272,1.0
11,0.16123099999999999,0.30164,0.125743,-0.357056,-0.21088,-138038.0,2.07321,125.576034,608.567605,604.605694,608.258969,1.09661946,0.976150593,1.09661946,0.998888291,1.0
12,0.161313,0.301681,0.125832,-0.35631799999999997,-0.209504,-102329.0,2.07321,124.67862,528.515611,523.649076,527.881258,1.12923519,0.967460429,1.12923519,0.99799434,1.0
13,0.161313,0.301681,0.125832,-0.35631799999999997,-0.209504,-104713.0,2.07321,124.77429,534.225913,529.434411,533.620711,1.12637294,0.968236404,1.12637294,0.998083624,1.0
14,0.161313,0.301681,0.125832,-0.35631799999999997,-0.209504,-107152.0,2.07321,124.867743,540.006474,535.288512,539.429382,1.12357219,0.968993198,1.12357219,0.998168956,1.0
15,0.161313,0.301681,0.125832,-0.35631799999999997,-0.209504,-109648.0,2.07321,124.959056,545.859727,541.21387,545.309748,1.12083097,0.969731514,1.12083097,0.998250533,1.0
16,0.161313,0.301681,0.125832,-0.35631799999999997,-0.209504,-112202.0,2.07321,125.048267,551.785667,547.210506,551.26183,1.11814849,0.970451722,1.11814849,0.998328505,1.0
17,0.161313,0.301681,0.125832,-0.35631799999999997,-0.209504,-114815.0,2.07321,125.135412,557.784262,553.278411,557.285625,1.11552394,0.971154188,1.11552394,0.998403021,1.0
18,0.161313,0.301681,0.125832,-0.35631799999999997,-0.209504,-117490.0,2.07321,125.22059,563.859968,559.422118,563.385635,1.11295465,0.971839777,1.11295465,0.998474273,1.0
19,0.161313,0.301681,0.125832,-0.35631799999999997,-0.209504,-120226.0,2.07321,125.303771,570.008088,565.636899,569.557169,1.11044182,0.972508304,1.11044182,0.99854234,1.0
20,0.161313,0.301681,0.125832,-0.35631799999999997,-0.209504,-123027.0,2.07321,125.385077,576.235146,571.929373,575.806804,1.10798203,0.973160814,1.10798203,0.998607424,1.0
21,0.161313,0.301681,0.125832,-0.35631799999999997,-0.209504,-125893.0,2.07321,125.464506,582.538614,578.297004,582.132023,1.10557558,0.973797354,1.10557558,0.998669618,1.0
22,0.161313,0.301681,0.125832,-0.35631799999999997,-0.209504,-128825.0,2.07321,125.542089,588.9182,584.739522,588.532562,1.10322179,0.974418224,1.10322179,0.99872904,1.0
23,0.161394,0.301721,0.125921,-0.355585,-0.20813099999999998,-97723.7,2.07321,124.673606,517.268496,512.207014,516.551733,1.13494021,0.965906015,1.13494021,0.997810097,1.0
24,0.161394,0.301721,0.125921,-0.355585,-0.20813099999999998,-100000.0,2.07321,124.773341,522.837475,517.854451,522.152181,1.13195657,0.966720239,1.13195657,0.997907499,1.0
25,0.161394,0.301721,0.125921,-0.355585,-0.20813099999999998,-102329.0,2.07321,124.870773,528.475721,523.569592,527.820789,1.12903653,0.96751437,1.12903653,0.998000605,1.0
26,0.161394,0.301721,0.125921,-0.355585,-0.20813099999999998,-104713.0,2.07321,124.965997,534.186519,529.355795,533.560892,1.12617762,0.968289262,1.12617762,0.99808964,1.0
27,0.161394,0.301721,0.125921,-0.355585,-0.20813099999999998,-107152.0,2.07321,125.059014,539.96757,535.210756,539.370208,1.12338019,0.969044988,1.12338019,0.998174733,1.0
28,0.161394,0.301721,0.125921,-0.355585,-0.20813099999999998,-109648.0,2.07321,125.149899,545.821306,541.136966,545.251211,1.12064226,0.969782253,1.12064226,0.998256078,1.0
29,0.161394,0.301721,0.125921,-0.355585,-0.20813099999999998,-112202.0,2.07321,125.238692,551.747723,547.134444,551.203926,1.11796305,0.970501427,1.11796305,0.998333828,1.0
30,0.161394,0.301721,0.125921,-0.355585,-0.20813099999999998,-114815.0,2.07321,125.325427,557.746788,553.203183,557.228346,1.11534174,0.971202875,1.11534174,0.998408129,1.0
31,0.161394,0.301721,0.125921,-0.355585,-0.20813099999999998,-117490.0,2.07321,125.410204,563.822959,559.347717,563.328977,1.11277566,0.971887462,1.11277566,0.998479174,1.0
32,0.161394,0.301721,0.125921,-0.355585,-0.20813099999999998,-120226.0,2.07321,125.492992,569.971537,565.563316,569.501125,1.11026601,0.972555005,1.11026601,0.998547043,1.0
33,0.161394,0.301721,0.125921,-0.355585,-0.20813099999999998,-123027.0,2.07321,125.573913,576.199047,571.856599,575.751368,1.10780937,0.973206546,1.10780937,0.998611935,1.0
34,0.161475,0.301761,0.12600899999999998,-0.35485700000000003,-0.206763,-93325.4,2.07321,124.659863,506.296178,501.031934,505.491905,1.14089059,0.964273715,1.14089059,0.997608976,1.0
35,0.161475,0.301761,0.12600899999999998,-0.35485700000000003,-0.206763,-95499.3,2.07321,124.76386,511.727856,506.545671,510.957517,1.13778027,0.965128344,1.13778027,0.997715247,1.0
36,0.161475,0.301761,0.12600899999999998,-0.35485700000000003,-0.206763,-97723.7,2.07321,124.865463,517.227812,512.12605,516.490231,1.13473572,0.96596191,1.13473572,0.997816846,1.0
37,0.161475,0.301761,0.12600899999999998,-0.35485700000000003,-0.206763,-100000.0,2.07321,124.964738,522.797298,517.77437,522.091338,1.13175545,0.966775023,1.13175545,0.997913982,1.0
38,0.161475,0.301761,0.12600899999999998,-0.35485700000000003,-0.206763,-102329.0,2.07321,125.061719,528.436043,523.490385,527.7606,1.12883876,0.967568059,1.12883876,0.998006832,1.0
39,0.161475,0.301761,0.12600899999999998,-0.35485700000000003,-0.206763,-104713.0,2.07321,125.156501,534.147335,529.277454,533.50135,1.12598317,0.968341871,1.12598317,0.99809562,1.0
40,0.161475,0.301761,0.12600899999999998,-0.35485700000000003,-0.206763,-107152.0,2.07321,125.249085,539.928873,535.133272,539.311308,1.12318905,0.969096534,1.12318905,0.998180474,1.0
41,0.161475,0.301761,0.12600899999999998,-0.35485700000000003,-0.206763,-109648.0,2.07321,125.339547,545.78309,541.060331,545.192946,1.1204544,0.969832753,1.1204544,0.998261589,1.0
42,0.161475,0.301761,0.12600899999999998,-0.35485700000000003,-0.206763,-112202.0,2.07321,125.427925,551.709982,547.058649,551.14629,1.11777844,0.970550896,1.11777844,0.998339118,1.0
43,0.161475,0.301761,0.12600899999999998,-0.35485700000000003,-0.206763,-114815.0,2.07321,125.514254,557.709514,553.12822,557.171334,1.11516036,0.971251331,1.11516036,0.998413205,1.0
44,0.161475,0.301761,0.12600899999999998,-0.35485700000000003,-0.206763,-117490.0,2.07321,125.598633,563.786147,559.273577,563.272582,1.11259748,0.971934921,1.11259748,0.998484045,1.0
45,0.161555,0.30180100000000004,0.126096,-0.354136,-0.205398,-89125.1,2.07321,124.637039,495.593767,490.11851,494.696616,1.14709558,0.962559505,1.14709558,0.997389464,1.0
46,0.161555,0.30180100000000004,0.126096,-0.354136,-0.205398,-91201.1,2.07321,124.745479,500.890676,495.501244,500.030071,1.1438539,0.963456601,1.1438539,0.997505394,1.0
47,0.161555,0.30180100000000004,0.126096,-0.354136,-0.205398,-93325.4,2.07321,124.851428,506.254667,500.949345,505.429357,1.14068033,0.964331584,1.14068033,0.997616239,1.0
48,0.161555,0.30180100000000004,0.126096,-0.354136,-0.205398,-95499.3,2.07321,124.954949,511.686863,506.463982,510.895638,1.13757339,0.965185077,1.13757339,0.997722227,1.0
49,0.161555,0.30180100000000004,0.126096,-0.354136,-0.205398,-97723.7,2.07321,125.056087,517.18733,512.04525,516.429015,1.13453222,0.966017522,1.13453222,0.997823552,1.0
50,0.161555,0.30180100000000004,0.126096,-0.354136,-0.205398,-100000.0,2.07321,125.154906,522.75732,517.694452,522.030779,1.1315553,0.966829529,1.1315553,0.997920424,1.0
51,0.161555,0.30180100000000004,0.126096,-0.354136,-0.205398,-102329.0,2.07321,125.25144,528.396563,523.41134,527.700691,1.12864194,0.967621475,1.12864194,0.998013019,1.0
52,0.161555,0.30180100000000004,0.126096,-0.354136,-0.205398,-104713.0,2.07321,125.345785,534.108346,529.199273,533.442086,1.12578967,0.968394213,1.12578967,0.99810156,1.0
53,0.161555,0.30180100000000004,0.126096,-0.354136,-0.205398,-107152.0,2.07321,125.437941,539.890368,535.055947,539.252682,1.12299885,0.969147818,1.12299885,0.998186177,1.0
54,0.161555,0.30180100000000004,0.126096,-0.354136,-0.205398,-109648.0,2.07321,125.527983,545.745064,540.983853,545.134953,1.12026747,0.969882995,1.12026747,0.998267065,1.0
55,0.161635,0.30184,0.126183,-0.353419,-0.204037,-85113.8,2.07321,124.604752,485.155443,479.460687,484.159747,1.15356438,0.960759232,1.15356438,0.997149923,1.0
56,0.161635,0.30184,0.126183,-0.353419,-0.204037,-87096.4,2.07321,124.717832,490.32056,484.715578,489.364181,1.15018627,0.961701047,1.15018627,0.997276381,1.0
57,0.161635,0.30184,0.126183,-0.353419,-0.204037,-89125.1,2.07321,124.828313,495.551343,490.034329,494.632948,1.1468788,0.962619601,1.1468788,0.997397301,1.0
58,0.161635,0.30184,0.126183,-0.353419,-0.204037,-91201.1,2.07321,124.936261,500.848781,495.417978,499.967082,1.14364053,0.963515531,1.14364053,0.997512928,1.0
59,0.161635,0.30184,0.126183,-0.353419,-0.204037,-93325.4,2.07321,125.041728,506.213295,500.866985,505.367041,1.14047036,0.964389363,1.14047036,0.997623481,1.0
60,0.161635,0.30184,0.126183,-0.353419,-0.204037,-95499.3,2.07321,125.144778,511.646007,506.382518,510.833989,1.1373668,0.965241719,1.1373668,0.997729185,1.0
61,0.161635,0.30184,0.126183,-0.353419,-0.204037,-97723.7,2.07321,125.245454,517.146983,511.964675,516.368026,1.134329,0.966073042,1.134329,0.997830237,1.0
62,0.161635,0.30184,0.126183,-0.353419,-0.204037,-100000.0,2.07321,125.343819,522.717476,517.614756,521.970445,1.13135544,0.966883944,1.13135544,0.997926846,1.0
63,0.161635,0.30184,0.126183,-0.353419,-0.204037,-102329.0,2.07321,125.439911,528.357215,523.332514,527.641005,1.12844542,0.9676748,1.12844542,0.998019186,1.0
64,0.161635,0.30184,0.126183,-0.353419,-0.204037,-104713.0,2.07321,125.533821,534.069488,529.12131,533.383043,1.12559646,0.968446465,1.12559646,0.998107483,1.0
65,0.16171300000000002,0.301879,0.12626800000000002,-0.35270799999999997,-0.20268,-83176.4,2.07321,124.680473,480.011895,474.182616,478.953906,1.15678842,0.959856932,1.15678842,0.997026442,1.0
66,0.16171300000000002,0.301879,0.12626800000000002,-0.35270799999999997,-0.20268,-85113.8,2.07321,124.795685,485.112158,479.374888,484.095006,1.15334205,0.960821332,1.15334205,0.997158338,1.0
67,0.16171300000000002,0.301879,0.12626800000000002,-0.35270799999999997,-0.20268,-87096.4,2.07321,124.908258,490.277816,484.630709,489.300128,1.14996733,0.96176196,1.14996733,0.997284473,1.0
68,0.16171300000000002,0.301879,0.12626800000000002,-0.35270799999999997,-0.20268,-89125.1,2.07321,125.018243,495.509133,489.950381,494.569578,1.14666326,0.962679339,1.14666326,0.997405083,1.0
69,0.16171300000000002,0.301879,0.12626800000000002,-0.35270799999999997,-0.20268,-91201.1,2.07321,125.125705,500.807098,495.334943,499.904388,1.14342838,0.96357411,1.14342838,0.997520408,1.0
70,0.16171300000000002,0.301879,0.12626800000000002,-0.35270799999999997,-0.20268,-93325.4,2.07321,125.230695,506.172133,500.784853,505.305017,1.14026158,0.964446797,1.14026158,0.99763067,1.0
71,0.16171300000000002,0.301879,0.12626800000000002,-0.35270799999999997,-0.20268,-95499.3,2.07321,125.333278,511.605358,506.301281,510.772629,1.1371614,0.965298023,1.1371614,0.997736093,1.0
72,0.16171300000000002,0.301879,0.12626800000000002,-0.35270799999999997,-0.20268,-97723.7,2.07321,125.433496,517.106841,511.884324,516.307324,1.13412695,0.966128232,1.13412695,0.997836874,1.0
73,0.16171300000000002,0.301879,0.12626800000000002,-0.35270799999999997,-0.20268,-100000.0,2.07321,125.531414,522.677834,517.535282,521.910394,1.13115672,0.966938034,1.13115672,0.997933221,1.0
74,0.16179200000000002,0.30191799999999996,0.126353,-0.352003,-0.201327,-79432.8,2.07321,124.633258,469.959427,463.896709,468.793655,1.16367005,0.957919704,1.16367005,0.996753715,1.0
75,0.16179200000000002,0.30191799999999996,0.126353,-0.352003,-0.201327,-81283.1,2.07321,124.753412,474.932037,468.965562,473.810122,1.16007951,0.958932389,1.16007951,0.996897572,1.0
76,0.16179200000000002,0.30191799999999996,0.126353,-0.352003,-0.201327,-83176.4,2.07321,124.870805,479.968296,474.096117,478.888778,1.15656348,0.959919994,1.15656348,0.997035146,1.0
77,0.16179200000000002,0.30191799999999996,0.126353,-0.352003,-0.201327,-85113.8,2.07321,124.985505,485.069105,479.289326,484.030569,1.1531205,0.960883196,1.1531205,0.99716671,1.0
78,0.16179200000000002,0.30191799999999996,0.126353,-0.352003,-0.201327,-87096.4,2.07321,125.097575,490.235302,484.546075,489.236377,1.14974917,0.96182264,1.14974917,0.997292525,1.0
79,0.16179200000000002,0.30191799999999996,0.126353,-0.352003,-0.201327,-89125.1,2.07321,125.207068,495.46715,489.866667,494.506506,1.14644849,0.962738849,1.14644849,0.997412824,1.0
80,0.16179200000000002,0.30191799999999996,0.126353,-0.352003,-0.201327,-91201.1,2.07321,125.314047,500.765639,495.252138,499.841989,1.14321699,0.963632464,1.14321699,0.99752785,1.0
81,0.16179200000000002,0.30191799999999996,0.126353,-0.352003,-0.201327,-93325.4,2.07321,125.418565,506.131191,500.702949,505.243285,1.14005357,0.964504009,1.14005357,0.997637822,1.0
82,0.16179200000000002,0.30191799999999996,0.126353,-0.352003,-0.201327,-95499.3,2.07321,125.520684,511.564928,506.22027,510.711558,1.13695674,0.965354109,1.13695674,0.997742965,1.0
83,0.161869,0.301956,0.126437,-0.351302,-0.199977,-77624.7,2.07321,124.700901,465.005162,458.800193,463.772167,1.16710144,0.956947976,1.16710144,0.996613047,1.0
84,0.161869,0.301956,0.126437,-0.351302,-0.199977,-79432.8,2.07321,124.823328,469.914832,463.808488,468.727341,1.16343881,0.95798505,1.16343881,0.996763083,1.0
85,0.161869,0.301956,0.126437,-0.351302,-0.199977,-81283.1,2.07321,124.942952,474.887999,468.878294,473.744511,1.15985164,0.958996515,1.15985164,0.996906586,1.0
86,0.161869,0.301956,0.126437,-0.351302,-0.199977,-83176.4,2.07321,125.059826,479.92481,474.009794,478.823862,1.156339,0.959982911,1.156339,0.997043819,1.0
87,0.161869,0.301956,0.126437,-0.351302,-0.199977,-85113.8,2.07321,125.174017,485.026163,479.203939,483.966343,1.15289941,0.960944917,1.15289941,0.997175053,1.0
88,0.161869,0.301956,0.126437,-0.351302,-0.199977,-87096.4,2.07321,125.285589,490.192896,484.461614,489.172835,1.14953147,0.961883178,1.14953147,0.997300547,1.0
89,0.161869,0.301956,0.126437,-0.351302,-0.199977,-89125.1,2.07321,125.394593,495.425274,489.783123,494.443641,1.14623417,0.962798219,1.14623417,0.997420537,1.0
90,0.161869,0.301956,0.126437,-0.351302,-0.199977,-91201.1,2.07321,125.501094,500.724287,495.169504,499.779795,1.14300605,0.963690679,1.14300605,0.997535263,1.0
91,0.161869,0.301956,0.126437,-0.351302,-0.199977,-93325.4,2.07321,125.605142,506.090355,500.621215,505.181756,1.139846,0.964561084,1.139846,0.997644947,1.0
92,0.161946,0.301994,0.12652,-0.350608,-0.19863,-74131.0,2.07321,124.637852,455.327006,448.873721,453.97623,1.1744186,0.954862963,1.1744186,0.996302631,1.0
93,0.161946,0.301994,0.12652,-0.350608,-0.19863,-75857.8,2.07321,124.765535,460.112778,453.762655,458.810797,1.17060399,0.955952125,1.17060399,0.996466238,1.0
94,0.161946,0.301994,0.12652,-0.350608,-0.19863,-77624.7,2.07321,124.890284,464.960248,458.71119,463.705462,1.16686787,0.957014244,1.16686787,0.996622721,1.0
95,0.161946,0.301994,0.12652,-0.350608,-0.19863,-79432.8,2.07321,125.012176,469.87048,463.720446,468.661341,1.16320859,0.958050091,1.16320859,0.996772395,1.0
96,0.161946,0.301994,0.12652,-0.350608,-0.19863,-81283.1,2.07321,125.131276,474.844203,468.791205,473.67921,1.15962479,0.95906034,1.15962479,0.996915547,1.0
97,0.161946,0.301994,0.12652,-0.350608,-0.19863,-83176.4,2.07321,125.247636,479.881561,473.923647,478.759255,1.15611552,0.960045532,1.15611552,0.99705244,1.0
98,0.161946,0.301994,0.12652,-0.350608,-0.19863,-85113.8,2.07321,125.361323,484.983455,479.118726,483.902422,1.15267931,0.961006347,1.15267931,0.997183345,1.0
99,0.161946,0.301994,0.12652,-0.350608,-0.19863,-87096.4,2.07321,125.472401,490.150723,484.377327,489.109594,1.14931475,0.96194343,1.14931475,0.997308521,1.0
100,0.161946,0.301994,0.12652,-0.350608,-0.19863,-89125.1,2.07321,125.580921,495.383628,489.699751,494.381075,1.14602082,0.962857306,1.14602082,0.997428203,1.0
101,0.162022,0.302031,0.126603,-0.349918,-0.197287,-72443.6,2.07321,124.696937,450.556421,443.952652,449.133111,1.17806937,0.953816095,1.17806937,0.996142411,1.0
102,0.162022,0.302031,0.126603,-0.349918,-0.197287,-74131.0,2.07321,124.827042,455.281084,448.783019,453.908353,1.17417872,0.954931595,1.17417872,0.996313034,1.0
103,0.162022,0.302031,0.126603,-0.349918,-0.197287,-75857.8,2.07321,124.954173,460.067431,453.672931,458.743635,1.17036743,0.95601951,1.17036743,0.996476256,1.0
104,0.162022,0.302031,0.126603,-0.349918,-0.197287,-77624.7,2.07321,125.07838,464.915468,458.622434,463.639009,1.16663465,0.957080391,1.16663465,0.996632366,1.0
105,0.162022,0.302031,0.126603,-0.349918,-0.197287,-79432.8,2.07321,125.19974,469.826261,463.632649,468.595591,1.16297873,0.958115012,1.16297873,0.996781678,1.0
106,0.162022,0.302031,0.126603,-0.349918,-0.197287,-81283.1,2.07321,125.31832,474.800538,468.704358,473.614156,1.1593983,0.959124045,1.1593983,0.99692448,1.0
107,0.162022,0.302031,0.126603,-0.349918,-0.197287,-83176.4,2.07321,125.434169,479.838443,473.837741,478.694891,1.15589241,0.960108033,1.15589241,0.997061033,1.0
108,0.162022,0.302031,0.126603,-0.349918,-0.197287,-85113.8,2.07321,125.547355,484.940876,479.033751,483.838743,1.15245957,0.961067658,1.15245957,0.99719161,1.0
109,0.162098,0.30206900000000003,0.126684,-0.349234,-0.195948,-69183.1,2.07321,124.617387,441.241447,434.373569,439.689488,1.18584668,0.951571222,1.18584668,0.995789159,1.0
110,0.162098,0.30206900000000003,0.126684,-0.349234,-0.195948,-70794.6,2.07321,124.753082,445.845771,439.088456,444.347973,1.18179611,0.952742898,1.18179611,0.99597517,1.0
111,0.162098,0.30206900000000003,0.126684,-0.349234,-0.195948,-72443.6,2.07321,124.885668,450.510223,443.861218,449.064839,1.17782783,0.953885494,1.17782783,0.996153121,1.0
112,0.162098,0.30206900000000003,0.126684,-0.349234,-0.195948,-74131.0,2.07321,125.015215,455.235465,448.69257,453.840799,1.17394046,0.954999746,1.17394046,0.996323351,1.0
113,0.162098,0.30206900000000003,0.126684,-0.349234,-0.195948,-75857.8,2.07321,125.141799,460.022383,453.583457,458.676794,1.17013247,0.956086422,1.17013247,0.996486192,1.0
114,0.162098,0.30206900000000003,0.126684,-0.349234,-0.195948,-77624.7,2.07321,125.26547,464.870985,458.533925,463.572874,1.16640301,0.957146075,1.16640301,0.996641932,1.0
115,0.162098,0.30206900000000003,0.126684,-0.349234,-0.195948,-79432.8,2.07321,125.386305,469.782335,463.545097,468.530155,1.16275043,0.958179477,1.16275043,0.996790885,1.0
116,0.162098,0.30206900000000003,0.126684,-0.349234,-0.195948,-81283.1,2.07321,125.504369,474.757162,468.617753,473.549414,1.15917334,0.959187302,1.15917334,0.996933339,1.0
117,0.162173,0.302106,0.12676500000000002,-0.348555,-0.19461199999999998,-67608.3,2.07321,124.667686,436.648996,429.62183,435.018713,1.18972989,0.950442833,1.18972989,0.995606674,1.0
118,0.162173,0.302106,0.12676500000000002,-0.348555,-0.19461199999999998,-69183.1,2.07321,124.805969,441.194213,434.280328,439.620026,1.18559903,0.951643015,1.18559903,0.995800658,1.0
119,0.162173,0.302106,0.12676500000000002,-0.348555,-0.19461199999999998,-70794.6,2.07321,124.941089,445.799129,438.996216,444.279239,1.18155167,0.952813429,1.18155167,0.995986253,1.0
120,0.162173,0.302106,0.12676500000000002,-0.348555,-0.19461199999999998,-72443.6,2.07321,125.07311,450.464165,443.76997,448.996826,1.17758665,0.95395477,1.17758665,0.996163801,1.0
121,0.162173,0.302106,0.12676500000000002,-0.348555,-0.19461199999999998,-74131.0,2.07321,125.202104,455.189984,448.602305,453.773503,1.17370256,0.955067774,1.17370256,0.996333638,1.0
122,0.162173,0.302106,0.12676500000000002,-0.348555,-0.19461199999999998,-75857.8,2.07321,125.328145,459.977472,453.494165,458.610207,1.16989787,0.956153212,1.16989787,0.996496097,1.0
123,0.162173,0.302106,0.12676500000000002,-0.348555,-0.19461199999999998,-77624.7,2.07321,125.451284,464.826637,458.445598,463.50699,1.16617174,0.957211636,1.16617174,0.996651468,1.0
124,0.162173,0.302106,0.12676500000000002,-0.348555,-0.19461199999999998,-79432.8,2.07321,125.571597,469.738542,463.457725,468.464969,1.1625225,0.95824382,1.1625225,0.996800063,1.0
125,0.162247,0.302142,0.126845,-0.347881,-0.19328,-66069.3,2.07321,124.714461,432.114474,424.924896,430.403853,1.19369236,0.949286217,1.19369236,0.995416253,1.0
126,0.162247,0.302142,0.126845,-0.347881,-0.19328,-67608.3,2.07321,124.855392,436.601355,429.52784,434.948818,1.18947965,0.950515698,1.18947965,0.995618557,1.0
127,0.162247,0.302142,0.126845,-0.347881,-0.19328,-69183.1,2.07321,124.993093,441.147169,434.187346,439.550862,1.18535197,0.951714615,1.18535197,0.995812114,1.0
128,0.162247,0.302142,0.126845,-0.347881,-0.19328,-70794.6,2.07321,125.127642,445.752674,438.904233,444.210801,1.18130784,0.952883768,1.18130784,0.995997294,1.0
129,0.162247,0.302142,0.126845,-0.347881,-0.19328,-72443.6,2.07321,125.259104,450.418293,443.678977,448.929108,1.17734606,0.954023854,1.17734606,0.996174438,1.0
130,0.162247,0.302142,0.126845,-0.347881,-0.19328,-74131.0,2.07321,125.387549,455.144687,448.512292,453.706497,1.17346526,0.955135613,1.17346526,0.996343884,1.0
131,0.162247,0.302142,0.126845,-0.347881,-0.19328,-75857.8,2.07321,125.513051,459.932742,453.405124,458.543908,1.16966388,0.956219814,1.16966388,0.996505963,1.0
132,0.162321,0.302178,0.126925,-0.347213,-0.191951,-63095.7,2.07321,124.611086,423.266739,415.790095,421.411614,1.20211878,0.946809087,1.20211878,0.994997095,1.0
133,0.162321,0.302178,0.126925,-0.347213,-0.191951,-64565.4,2.07321,124.758072,427.637669,420.282405,425.844627,1.19773548,0.948100635,1.19773548,0.995217554,1.0
134,0.162321,0.302178,0.126925,-0.347213,-0.191951,-66069.3,2.07321,124.901695,432.066449,424.830081,430.333526,1.19343984,0.949360083,1.19343984,0.995428515,1.0
135,0.162321,0.302178,0.126925,-0.347213,-0.191951,-67608.3,2.07321,125.042038,436.553932,429.43404,434.879226,1.18923026,0.950588296,1.18923026,0.995630382,1.0
136,0.162321,0.302178,0.126925,-0.347213,-0.191951,-69183.1,2.07321,125.179162,441.10034,434.094553,439.481998,1.18510576,0.95178595,1.18510576,0.995823514,1.0
137,0.162321,0.302178,0.126925,-0.347213,-0.191951,-70794.6,2.07321,125.313145,445.706432,438.812438,444.142659,1.18106484,0.952953845,1.18106484,0.99600828,1.0
138,0.162321,0.302178,0.126925,-0.347213,-0.191951,-72443.6,2.07321,125.444052,450.37263,443.58817,448.861683,1.17710631,0.954092681,1.17710631,0.996185023,1.0
139,0.162321,0.302178,0.126925,-0.347213,-0.191951,-74131.0,2.07321,125.571952,455.099596,448.422463,453.639782,1.17322879,0.955203197,1.17322879,0.996354079,1.0
140,0.162394,0.302214,0.127003,-0.346549,-0.190626,-61659.5,2.07321,124.648553,418.90371,411.255138,416.961834,1.20633032,0.945562031,1.20633032,0.994780313,1.0
141,0.162394,0.302214,0.127003,-0.346549,-0.190626,-63095.7,2.07321,124.798352,423.217719,415.693487,421.340074,1.20186127,0.946885142,1.20186127,0.995010192,1.0
142,0.162394,0.302214,0.127003,-0.346549,-0.190626,-64565.4,2.07321,124.944732,427.589263,420.186831,425.773831,1.19748099,0.948175423,1.19748099,0.995230192,1.0
143,0.162394,0.302214,0.127003,-0.346549,-0.190626,-66069.3,2.07321,125.087761,432.018649,424.73553,430.263469,1.19318842,0.949433605,1.19318842,0.995440707,1.0
144,0.162394,0.302214,0.127003,-0.346549,-0.190626,-67608.3,2.07321,125.227521,436.506731,429.340503,434.809901,1.18898196,0.950660556,1.18898196,0.995642139,1.0
145,0.162394,0.302214,0.127003,-0.346549,-0.190626,-69183.1,2.07321,125.364074,441.053731,434.00202,439.4134,1.18486063,0.951856951,1.18486063,0.995834848,1.0
146,0.162394,0.302214,0.127003,-0.346549,-0.190626,-70794.6,2.07321,125.497496,445.660407,438.7209,444.074781,1.18082292,0.953023594,1.18082292,0.996019203,1.0
147,0.162466,0.30225,0.127081,-0.345891,-0.189303,-60256.0,2.07321,124.682753,414.596503,406.772495,412.565634,1.21062706,0.944283548,1.21062706,0.994554116,1.0
148,0.162466,0.30225,0.127081,-0.345891,-0.189303,-61659.5,2.07321,124.835426,418.854253,411.157613,416.889821,1.20607072,0.945639073,1.20607072,0.994793817,1.0
149,0.162466,0.30225,0.127081,-0.345891,-0.189303,-63095.7,2.07321,124.984613,423.168881,415.597003,421.268808,1.20160462,0.94696092,1.20160462,0.995023227,1.0
150,0.162466,0.30225,0.127081,-0.345891,-0.189303,-64565.4,2.07321,125.130393,427.541036,420.091379,425.703308,1.19722735,0.948249938,1.19722735,0.995242771,1.0
151,0.162466,0.30225,0.127081,-0.345891,-0.189303,-66069.3,2.07321,125.272832,431.971026,424.6411,430.193682,1.19293785,0.949506858,1.19293785,0.99545284,1.0
152,0.162466,0.30225,0.127081,-0.345891,-0.189303,-67608.3,2.07321,125.412014,436.459705,429.247086,434.740844,1.18873451,0.950732549,1.18873451,0.995653839,1.0
153,0.162466,0.30225,0.127081,-0.345891,-0.189303,-69183.1,2.07321,125.548,441.007294,433.909607,439.345066,1.18461634,0.951927689,1.18461634,0.995846126,1.0
154,0.16253800000000002,0.30228499999999997,0.127159,-0.345238,-0.18798499999999999,-58884.4,2.07321,124.713197,410.344442,402.341599,408.222316,1.21501027,0.942972857,1.21501027,0.994318111,1.0
155,0.16253800000000002,0.30228499999999997,0.127159,-0.345238,-0.18798499999999999,-60256.0,2.07321,124.86881,414.546644,406.674267,412.493221,1.21036504,0.94436169,1.21036504,0.994568056,1.0
156,0.16253800000000002,0.30228499999999997,0.127159,-0.345238,-0.18798499999999999,-61659.5,2.07321,125.020865,418.805018,411.060433,416.818158,1.20581159,0.945715953,1.20581159,0.994807277,1.0
157,0.16253800000000002,0.30228499999999997,0.127159,-0.345238,-0.18798499999999999,-63095.7,2.07321,125.169445,423.120262,415.500861,421.197891,1.20134845,0.947036536,1.20134845,0.99503622,1.0
158,0.16253800000000002,0.30228499999999997,0.127159,-0.345238,-0.18798499999999999,-64565.4,2.07321,125.314629,427.493026,419.996266,425.633129,1.1969742,0.94832429,1.1969742,0.995255308,1.0
159,0.16253800000000002,0.30228499999999997,0.127159,-0.345238,-0.18798499999999999,-66069.3,2.07321,125.456484,431.923617,424.547006,430.124236,1.19268777,0.949579947,1.19268777,0.995464933,1.0
160,0.16253800000000002,0.30228499999999997,0.127159,-0.345238,-0.18798499999999999,-67608.3,2.07321,125.595092,436.41289,429.154002,434.672124,1.18848755,0.950804379,1.18848755,0.995665499,1.0
161,0.162609,0.30232,0.127235,-0.344591,-0.186669,-57544.0,2.07321,124.740093,406.147085,397.961701,403.931297,1.21948206,0.941628905,1.21948206,0.994071842,1.0
162,0.162609,0.30232,0.127235,-0.344591,-0.186669,-58884.4,2.07321,124.898705,410.294191,402.242439,408.149429,1.21474659,0.943051889,1.21474659,0.994332458,1.0
163,0.162609,0.30232,0.127235,-0.344591,-0.186669,-60256.0,2.07321,125.053694,414.497022,406.576165,412.421089,1.21010417,0.944439469,1.21010417,0.994581916,1.0
164,0.162609,0.30232,0.127235,-0.344591,-0.186669,-61659.5,2.07321,125.205136,418.756016,410.963377,416.746774,1.2055536,0.945792474,1.2055536,0.99482066,1.0
165,0.162609,0.30232,0.127235,-0.344591,-0.186669,-63095.7,2.07321,125.353115,423.071873,415.404843,421.12725,1.2010934,0.947111797,1.2010934,0.995049138,1.0
166,0.162609,0.30232,0.127235,-0.344591,-0.186669,-64565.4,2.07321,125.497709,427.445243,419.901276,425.563224,1.19672216,0.948398291,1.19672216,0.995267772,1.0
167,0.16268,0.30235500000000004,0.12731099999999998,-0.343948,-0.185357,-54954.1,2.07321,124.598155,397.966436,389.455193,395.57882,1.22896587,0.938755873,1.22896587,0.993531082,1.0
168,0.16268,0.30235500000000004,0.12731099999999998,-0.343948,-0.185357,-56234.1,2.07321,124.763584,402.003907,393.632387,399.692021,1.22404352,0.940250926,1.22404352,0.993814893,1.0
169,0.16268,0.30235500000000004,0.12731099999999998,-0.343948,-0.185357,-57544.0,2.07321,124.925254,406.09641,397.861755,403.857935,1.21921641,0.941708934,1.21921641,0.994086627,1.0
170,0.16268,0.30235500000000004,0.12731099999999998,-0.343948,-0.185357,-58884.4,2.07321,125.083235,410.244149,402.143557,408.076826,1.21448366,0.943130672,1.21448366,0.994346746,1.0
171,0.16268,0.30235500000000004,0.12731099999999998,-0.343948,-0.185357,-60256.0,2.07321,125.237605,414.447605,406.478337,412.349238,1.20984404,0.944517,1.20984404,0.994595717,1.0
172,0.16268,0.30235500000000004,0.12731099999999998,-0.343948,-0.185357,-61659.5,2.07321,125.38844,418.707217,410.866594,416.675669,1.20529635,0.94586875,1.20529635,0.994833986,1.0
173,0.16268,0.30235500000000004,0.12731099999999998,-0.343948,-0.185357,-63095.7,2.07321,125.535821,423.023686,415.309095,421.056884,1.2008391,0.947186816,1.2008391,0.995062,1.0
174,0.16275,0.30238899999999996,0.127386,-0.34331,-0.184048,-53703.2,2.07321,124.614607,393.930689,385.226229,391.442004,1.2337123,0.937306296,1.2337123,0.993250961,1.0
175,0.16275,0.30238899999999996,0.127386,-0.34331,-0.184048,-54954.1,2.07321,124.78323,397.914659,389.353297,395.504216,1.22869549,0.938838213,1.22869549,0.993546848,1.0
176,0.16275,0.30238899999999996,0.127386,-0.34331,-0.184048,-56234.1,2.07321,124.94801,401.952776,393.531573,399.618185,1.22377568,0.940332035,1.22377568,0.993830141,1.0
177,0.16275,0.30238899999999996,0.127386,-0.34331,-0.184048,-57544.0,2.07321,125.109044,406.045917,397.762013,403.784861,1.21895121,0.941788804,1.21895121,0.994101367,1.0
178,0.16275,0.30238899999999996,0.127386,-0.34331,-0.184048,-58884.4,2.07321,125.266399,410.194287,402.044877,408.004507,1.21422119,0.943209295,1.21422119,0.99436099,1.0
179,0.16275,0.30238899999999996,0.127386,-0.34331,-0.184048,-60256.0,2.07321,125.420155,414.398366,406.380709,412.277668,1.20958438,0.94459437,1.20958438,0.994609475,1.0
180,0.16275,0.30238899999999996,0.127386,-0.34331,-0.184048,-61659.5,2.07321,125.570386,418.658595,410.770009,416.604843,1.20503958,0.945944864,1.20503958,0.99484727,1.0
181,0.16281900000000002,0.302423,0.12746,-0.34267800000000004,-0.18274200000000002,-52480.7,2.07321,124.627267,389.947421,381.045808,387.355048,1.23855354,0.935819681,1.23855354,0.992958687,1.0
182,0.16281900000000002,0.302423,0.12746,-0.34267800000000004,-0.18274200000000002,-53703.2,2.07321,124.799157,393.878512,385.12345,391.36696,1.23344067,0.937389464,1.23344067,0.993267163,1.0
183,0.16281900000000002,0.302423,0.12746,-0.34267800000000004,-0.18274200000000002,-54954.1,2.07321,124.967127,397.863131,389.251608,395.429943,1.22842629,0.938920167,1.22842629,0.993562525,1.0
184,0.16281900000000002,0.302423,0.12746,-0.34267800000000004,-0.18274200000000002,-56234.1,2.07321,125.131264,401.901891,393.430964,399.544677,1.22350902,0.940412765,1.22350902,0.993845302,1.0
185,0.16281900000000002,0.302423,0.12746,-0.34267800000000004,-0.18274200000000002,-57544.0,2.07321,125.291666,405.995666,397.662474,403.712111,1.21868718,0.941868299,1.21868718,0.994116023,1.0
186,0.16281900000000002,0.302423,0.12746,-0.34267800000000004,-0.18274200000000002,-58884.4,2.07321,125.448401,410.144664,401.946399,407.93251,1.21395988,0.943287546,1.21395988,0.994375152,1.0
187,0.16281900000000002,0.302423,0.12746,-0.34267800000000004,-0.18274200000000002,-60256.0,2.07321,125.601548,414.349365,406.283282,412.206417,1.20932588,0.944671373,1.20932588,0.994623153,1.0
188,0.162888,0.30245700000000003,0.12753399999999998,-0.34205,-0.18144000000000002,-51286.1,2.07321,124.636295,386.01658,376.913929,383.317839,1.24349008,0.934295359,1.24349008,0.992653809,1.0
189,0.162888,0.30245700000000003,0.12753399999999998,-0.34205,-0.18144000000000002,-52480.7,2.07321,124.811497,389.894807,380.942219,387.279525,1.23828036,0.935903786,1.23828036,0.992975356,1.0
190,0.162888,0.30245700000000003,0.12753399999999998,-0.34205,-0.18144000000000002,-53703.2,2.07321,124.982726,393.826552,385.020959,391.292212,1.23316981,0.937472372,1.23316981,0.993283299,1.0
191,0.162888,0.30245700000000003,0.12753399999999998,-0.34205,-0.18144000000000002,-54954.1,2.07321,125.150047,397.811819,389.150204,395.355962,1.22815785,0.939001865,1.22815785,0.993578137,1.0
192,0.162888,0.30245700000000003,0.12753399999999998,-0.34205,-0.18144000000000002,-56234.1,2.07321,125.313546,401.851218,393.330637,399.471458,1.22324312,0.940493239,1.22324312,0.9938604,1.0
193,0.162888,0.30245700000000003,0.12753399999999998,-0.34205,-0.18144000000000002,-57544.0,2.07321,125.473321,405.945627,397.563215,403.639649,1.21842391,0.941947539,1.21842391,0.994130618,1.0
194,0.162956,0.30249000000000004,0.127607,-0.341427,-0.180141,-50118.7,2.07321,124.641226,382.137435,372.829726,379.329609,1.24852333,0.932732351,1.24852333,0.9923358,1.0
195,0.162956,0.30249000000000004,0.127607,-0.341427,-0.180141,-51286.1,2.07321,124.819817,385.963498,376.809446,383.241837,1.24321512,0.934380489,1.24321512,0.992670973,1.0
196,0.162956,0.30249000000000004,0.127607,-0.341427,-0.180141,-52480.7,2.07321,124.994353,389.842384,380.838841,387.2043,1.2380076,0.935987735,1.2380076,0.992991979,1.0
197,0.162956,0.30249000000000004,0.127607,-0.341427,-0.180141,-53703.2,2.07321,125.164927,393.774781,384.918677,391.217759,1.23289937,0.937555123,1.23289937,0.993299388,1.0
198,0.162956,0.30249000000000004,0.127607,-0.341427,-0.180141,-54954.1,2.07321,125.331602,397.760693,389.049007,395.282275,1.22788986,0.939083403,1.22788986,0.993593703,1.0
199,0.162956,0.30249000000000004,0.127607,-0.341427,-0.180141,-56234.1,2.07321,125.494469,401.80073,393.230516,399.39853,1.22297767,0.940573552,1.22297767,0.993875453,1.0
200,0.163024,0.302523,0.127679,-0.34081,-0.178844,-48977.9,2.07321,124.642309,378.30963,368.792623,375.389875,1.25365519,0.9311295,1.25365519,0.992004082,1.0
201,0.163024,0.302523,0.127679,-0.34081,-0.178844,-50118.7,2.07321,124.824354,382.08394,372.724261,379.253127,1.2482472,0.93281833,1.2482472,0.992353434,1.0
202,0.163024,0.302523,0.127679,-0.34081,-0.178844,-51286.1,2.07321,125.002272,385.910666,376.705095,383.166136,1.24294106,0.93446531,1.24294106,0.992688059,1.0
203,0.163024,0.302523,0.127679,-0.34081,-0.178844,-52480.7,2.07321,125.176146,389.790209,380.735595,387.129374,1.23773575,0.936071377,1.23773575,0.993008525,1.0
204,0.163024,0.302523,0.127679,-0.34081,-0.178844,-53703.2,2.07321,125.34607,393.723256,384.816524,391.143601,1.23262985,0.93763757,1.23262985,0.993315403,1.0
205,0.163024,0.302523,0.127679,-0.34081,-0.178844,-54954.1,2.07321,125.512107,397.70981,388.94794,395.20888,1.22762278,0.939164639,1.22762278,0.993609196,1.0
206,0.163091,0.302556,0.127751,-0.34019699999999997,-0.177551,-47863.0,2.07321,124.639522,374.532326,364.801898,371.497774,1.25888766,0.929485594,1.25888766,0.991658046,1.0
207,0.163091,0.302556,0.127751,-0.34019699999999997,-0.177551,-48977.9,2.07321,124.825108,378.255671,368.686332,375.312914,1.25337806,0.931216296,1.25337806,0.992022189,1.0
208,0.163091,0.302556,0.127751,-0.34019699999999997,-0.177551,-50118.7,2.07321,125.006474,382.03065,372.619091,379.17695,1.247972,0.932903995,1.247972,0.992370987,1.0
209,0.163091,0.302556,0.127751,-0.34019699999999997,-0.177551,-51286.1,2.07321,125.183725,385.858037,376.601037,383.090737,1.24266793,0.934549819,1.24266793,0.992705066,1.0
210,0.163091,0.302556,0.127751,-0.34019699999999997,-0.177551,-52480.7,2.07321,125.356942,389.738234,380.632638,387.054747,1.23746482,0.936154711,1.23746482,0.993024994,1.0
211,0.163091,0.302556,0.127751,-0.34019699999999997,-0.177551,-53703.2,2.07321,125.526221,393.671928,384.71466,391.06974,1.23236125,0.93771971,1.23236125,0.993331343,1.0
212,0.163157,0.302589,0.127822,-0.33959,-0.176261,-46773.5,2.07321,124.63264,370.80542,360.857234,367.653122,1.2642221,0.927799585,1.2642221,0.9912971,1.0
213,0.163157,0.302589,0.127822,-0.33959,-0.176261,-47863.0,2.07321,124.821823,374.47796,364.694693,371.420374,1.25860997,0.929573081,1.25860997,0.991676609,1.0
214,0.163157,0.302589,0.127822,-0.33959,-0.176261,-48977.9,2.07321,125.006725,378.201977,368.580257,375.2363,1.25310215,0.931302683,1.25310215,0.992040194,1.0
215,0.163157,0.302589,0.127822,-0.33959,-0.176261,-50118.7,2.07321,125.187418,381.977621,372.514136,379.101117,1.24769801,0.932989254,1.24769801,0.992388442,1.0
216,0.163157,0.302589,0.127822,-0.33959,-0.176261,-51286.1,2.07321,125.364007,385.805666,376.497191,383.015679,1.24239601,0.934633927,1.24239601,0.992721976,1.0
217,0.163157,0.302589,0.127822,-0.33959,-0.176261,-52480.7,2.07321,125.536574,389.686514,380.529893,386.980458,1.23719511,0.936237647,1.23719511,0.993041368,1.0
218,0.163223,0.30262100000000003,0.127892,-0.338987,-0.174974,-45708.8,2.07321,124.621517,367.128304,356.95801,363.855232,1.26965893,0.926070702,1.26965893,0.990920697,1.0
219,0.163223,0.30262100000000003,0.127892,-0.338987,-0.174974,-46773.5,2.07321,124.814374,370.750569,360.749108,367.5752,1.26394285,0.927888097,1.26394285,0.9913162,1.0
220,0.163223,0.30262100000000003,0.127892,-0.338987,-0.174974,-47863.0,2.07321,125.002866,374.423786,364.587706,371.343242,1.25833236,0.929660518,1.25833236,0.991695145,1.0
221,0.163223,0.30262100000000003,0.127892,-0.338987,-0.174974,-48977.9,2.07321,125.187088,378.148473,368.474398,375.159953,1.25282633,0.931389013,1.25282633,0.992058171,1.0
222,0.163223,0.30262100000000003,0.127892,-0.338987,-0.174974,-50118.7,2.07321,125.367114,381.92478,372.409395,379.025549,1.24742414,0.933074451,1.24742414,0.992405867,1.0
223,0.163223,0.30262100000000003,0.127892,-0.338987,-0.174974,-51286.1,2.07321,125.543045,385.753481,376.393559,382.940883,1.24212423,0.934717968,1.24212423,0.992738858,1.0
224,0.16328800000000002,0.302653,0.127961,-0.338389,-0.17369,-44668.4,2.07321,124.60626,363.500799,353.103924,360.103851,1.27520025,0.924297605,1.27520025,0.990528148,0.0
225,0.16328800000000002,0.302653,0.127961,-0.338389,-0.17369,-45708.8,2.07321,124.802851,367.073014,356.848958,363.77683,1.2693793,0.926159881,1.2693793,0.990940267,1.0
226,0.16328800000000002,0.302653,0.127961,-0.338389,-0.17369,-46773.5,2.07321,124.995011,370.69596,360.641203,367.497592,1.26366469,0.927976238,1.26366469,0.991335203,1.0
227,0.16328800000000002,0.302653,0.127961,-0.338389,-0.17369,-47863.0,2.07321,125.182819,374.369851,364.480937,371.266422,1.25805583,0.929747586,1.25805583,0.991713586,1.0
228,0.16328800000000002,0.302653,0.127961,-0.338389,-0.17369,-48977.9,2.07321,125.366367,378.095205,368.368756,375.083915,1.25255159,0.931474978,1.25255159,0.992076056,1.0
229,0.16328800000000002,0.302653,0.127961,-0.338389,-0.17369,-50118.7,2.07321,125.54573,381.872172,372.304869,378.950285,1.24715135,0.933159286,1.24715135,0.992423202,1.0
230,0.163353,0.302685,0.12803,-0.337796,-0.17240899999999998,-44668.4,2.07321,124.787313,363.445061,352.993939,360.024969,1.27492011,0.924387511,1.27492011,0.99054821,0.0
231,0.163353,0.302685,0.12803,-0.337796,-0.17240899999999998,-45708.8,2.07321,124.983203,367.017961,356.740128,363.698745,1.26910044,0.926248787,1.26910044,0.99095976,1.0
232,0.163353,0.302685,0.12803,-0.337796,-0.17240899999999998,-46773.5,2.07321,125.174672,370.641584,360.533517,367.420297,1.2633873,0.928064105,1.2633873,0.991354131,1.0
233,0.163353,0.302685,0.12803,-0.337796,-0.17240899999999998,-47863.0,2.07321,125.3618,374.316146,364.374386,371.189912,1.25778008,0.929834381,1.25778008,0.991731953,1.0
234,0.163353,0.302685,0.12803,-0.337796,-0.17240899999999998,-48977.9,2.07321,125.544679,378.042165,368.26333,375.008184,1.25227764,0.931560671,1.25227764,0.992093869,1.0
235,0.163417,0.302716,0.128099,-0.337208,-0.171131,-43651.6,2.07321,124.767362,359.865695,349.182983,356.318578,1.28056698,0.922569743,1.28056698,0.990139344,0.0
236,0.163417,0.302716,0.128099,-0.337208,-0.171131,-44668.4,2.07321,124.967083,363.389499,352.884177,359.946407,1.27464016,0.924477325,1.27464016,0.990568235,0.0
237,0.163417,0.302716,0.128099,-0.337208,-0.171131,-45708.8,2.07321,125.162276,366.963081,356.63152,363.620976,1.2688218,0.926337597,1.2688218,0.990979215,1.0
238,0.163417,0.302716,0.128099,-0.337208,-0.171131,-46773.5,2.07321,125.353059,370.587381,360.426052,367.343317,1.26311015,0.928151872,1.26311015,0.991373021,1.0
239,0.163417,0.302716,0.128099,-0.337208,-0.171131,-47863.0,2.07321,125.539512,374.262613,364.268054,371.113713,1.25750458,0.929921071,1.25750458,0.991750282,1.0
240,0.16348,0.302747,0.128166,-0.336624,-0.169856,-42658.0,2.07321,124.743138,356.335032,345.416069,352.657596,1.28632145,0.920705359,1.28632145,0.989712967,0.0
241,0.16348,0.302747,0.128166,-0.336624,-0.169856,-43651.6,2.07321,124.946741,359.809694,349.072284,356.239496,1.28028702,0.922660138,1.28028702,0.990159837,0.0
242,0.16348,0.302747,0.128166,-0.336624,-0.169856,-44668.4,2.07321,125.14576,363.334185,352.77464,359.868122,1.27436131,0.92456676,1.27436131,0.990588158,0.0
243,0.16348,0.302747,0.128166,-0.336624,-0.169856,-45708.8,2.07321,125.340262,366.908447,356.523133,363.543482,1.26854426,0.926426028,1.26854426,0.990998572,1.0
244,0.16348,0.302747,0.128166,-0.336624,-0.169856,-46773.5,2.07321,125.530365,370.533419,360.318807,367.266608,1.26283409,0.928239263,1.26283409,0.991391814,1.0
245,0.163543,0.30277800000000005,0.12823299999999999,-0.336046,-0.16858399999999998,-41686.9,2.07321,124.714561,352.852061,341.692037,349.040977,1.29218582,0.918792849,1.29218582,0.989268292,0.0
246,0.163543,0.30277800000000005,0.12823299999999999,-0.336046,-0.16858399999999998,-42658.0,2.07321,124.922159,356.278614,345.304426,352.57808,1.2860415,0.920796341,1.2860415,0.989733938,0.0
247,0.163543,0.30277800000000005,0.12823299999999999,-0.336046,-0.16858399999999998,-43651.6,2.07321,125.125054,359.753966,348.96181,356.160779,1.28000799,0.922750206,1.28000799,0.990180239,0.0
248,0.163543,0.30277800000000005,0.12823299999999999,-0.336046,-0.16858399999999998,-44668.4,2.07321,125.323377,363.27914,352.665326,359.790199,1.2740834,0.924655868,1.2740834,0.990607993,0.0
249,0.163543,0.30277800000000005,0.12823299999999999,-0.336046,-0.16858399999999998,-45708.8,2.07321,125.517193,366.854078,356.414969,363.466348,1.26826765,0.926514135,1.26826765,0.99101784,1.0
250,0.163606,0.30280799999999997,0.128299,-0.335472,-0.16731500000000002,-40738.0,2.07321,124.68142,349.417043,338.011169,345.468918,1.29815914,0.916831734,1.29815914,0.988804749,0.0
251,0.163606,0.30280799999999997,0.128299,-0.335472,-0.16731500000000002,-41686.9,2.07321,124.893045,352.795151,341.579443,348.960941,1.29190513,0.918884677,1.29190513,0.98928981,0.0
252,0.163606,0.30280799999999997,0.128299,-0.335472,-0.16731500000000002,-42658.0,2.07321,125.09993,356.222398,345.19301,352.498846,1.28576154,0.920887298,1.28576154,0.989754887,0.0
253,0.163606,0.30280799999999997,0.128299,-0.335472,-0.16731500000000002,-43651.6,2.07321,125.302124,359.698437,348.851562,356.082343,1.27972896,0.922840242,1.27972896,0.990200617,0.0
254,0.163606,0.30280799999999997,0.128299,-0.335472,-0.16731500000000002,-44668.4,2.07321,125.499755,363.224292,352.556236,359.712555,1.27380551,0.924744937,1.27380551,0.990627802,0.0
255,0.163668,0.302838,0.128365,-0.334903,-0.166048,-39810.7,2.07321,124.64395,346.029213,334.372508,341.940572,1.30424418,0.914820289,1.30424418,0.988321461,0.0
256,0.163668,0.302838,0.128365,-0.334903,-0.166048,-40738.0,2.07321,124.859703,349.359629,337.897528,345.388361,1.29787875,0.916924086,1.29787875,0.988826748,0.0
257,0.163668,0.302838,0.128365,-0.334903,-0.166048,-41686.9,2.07321,125.070611,352.738435,341.466989,348.88119,1.29162524,0.918976215,1.29162524,0.989311243,0.0
258,0.163668,0.302838,0.128365,-0.334903,-0.166048,-42658.0,2.07321,125.276788,356.166374,345.081733,352.419896,1.28548237,0.920977966,1.28548237,0.989775752,0.0
259,0.163668,0.302838,0.128365,-0.334903,-0.166048,-43651.6,2.07321,125.478284,359.643098,348.741453,356.004188,1.27945074,0.92292999,1.27945074,0.990220914,0.0
260,0.16372899999999999,0.30286799999999997,0.12843,-0.334339,-0.164785,-38904.5,2.07321,124.601807,342.688233,330.775698,338.455509,1.31044276,0.912757048,1.31044276,0.987817585,0.0
261,0.16372899999999999,0.30286799999999997,0.12843,-0.334339,-0.164785,-39810.7,2.07321,124.821771,345.971391,334.257992,341.859583,1.30396478,0.914912947,1.30396478,0.988343897,0.0
262,0.16372899999999999,0.30286799999999997,0.12843,-0.334339,-0.164785,-40738.0,2.07321,125.036802,349.302507,337.784207,345.30818,1.29759962,0.917015993,1.29759962,0.988848625,0.0
263,0.16372899999999999,0.30286799999999997,0.12843,-0.334339,-0.164785,-41686.9,2.07321,125.246997,352.682006,341.354853,348.801813,1.29134662,0.91906731,1.29134662,0.989332557,0.0
264,0.16372899999999999,0.30286799999999997,0.12843,-0.334339,-0.164785,-42658.0,2.07321,125.452473,356.110633,344.970772,352.341316,1.28520448,0.921068195,1.28520448,0.989796499,0.0
265,0.16379000000000002,0.302898,0.128494,-0.33378,-0.163524,-38904.5,2.07321,124.779374,342.62996,330.66012,338.373999,1.31016411,0.912850111,1.31016411,0.987840488,0.0
266,0.16379000000000002,0.302898,0.128494,-0.33378,-0.163524,-39810.7,2.07321,124.998611,345.913822,334.143619,341.778885,1.30368615,0.915005324,1.30368615,0.988366248,0.0
267,0.16379000000000002,0.302898,0.128494,-0.33378,-0.163524,-40738.0,2.07321,125.212926,349.245634,337.671028,345.228288,1.29732126,0.917107618,1.29732126,0.988870418,0.0
268,0.16379000000000002,0.302898,0.128494,-0.33378,-0.163524,-41686.9,2.07321,125.422415,352.625825,341.242858,348.722721,1.29106877,0.919158124,1.29106877,0.989353787,0.0
269,0.16385,0.302927,0.128558,-0.333225,-0.16226600000000002,-38018.9,2.07321,124.732224,339.334763,327.103425,334.931051,1.31647731,0.91073449,1.31647731,0.987315751,0.0
270,0.16385,0.302927,0.128558,-0.333225,-0.16226600000000002,-38904.5,2.07321,124.955754,342.571842,330.544776,338.292783,1.30988539,0.912943164,1.30988539,0.987863373,0.0
271,0.16385,0.302927,0.128558,-0.333225,-0.16226600000000002,-39810.7,2.07321,125.174269,345.856405,334.029478,341.698478,1.30340748,0.915097683,1.30340748,0.988388579,0.0
272,0.16385,0.302927,0.128558,-0.333225,-0.16226600000000002,-40738.0,2.07321,125.387871,349.188913,337.55808,345.148685,1.29704289,0.917199219,1.29704289,0.988892189,0.0
273,0.16385,0.302927,0.128558,-0.333225,-0.16226600000000002,-41686.9,2.07321,125.596658,352.569794,341.131092,348.643916,1.29079093,0.919248905,1.29079093,0.989374994,0.0
274,0.16391,0.302956,0.128621,-0.332675,-0.161011,-37153.5,2.07321,124.680377,336.085796,323.587686,331.53057,1.32290603,0.908564606,1.32290603,0.986768797,0.0
275,0.16391,0.302956,0.128621,-0.332675,-0.161011,-38018.9,2.07321,124.908265,339.27623,326.987105,334.849362,1.31619972,0.910827831,1.31619972,0.987339081,0.0
276,0.16391,0.302956,0.128621,-0.332675,-0.161011,-38904.5,2.07321,125.131069,342.514013,330.429668,338.211906,1.30960759,0.913035882,1.30960759,0.987886158,0.0
277,0.16391,0.302956,0.128621,-0.332675,-0.161011,-39810.7,2.07321,125.348867,345.799274,333.915571,341.618407,1.30312974,0.915189708,1.30312974,0.988410812,0.0
278,0.16391,0.302956,0.128621,-0.332675,-0.161011,-40738.0,2.07321,125.561763,349.132475,337.445363,345.069415,1.29676545,0.917290484,1.29676545,0.988913863,0.0
279,0.163969,0.302985,0.128684,-0.33213000000000004,-0.15975799999999998,-36307.8,2.07321,124.623891,332.882435,320.112162,328.171884,1.32945164,0.906339033,1.32945164,0.986198726,0.0
280,0.163969,0.302985,0.128684,-0.33213000000000004,-0.15975799999999998,-37153.5,2.07321,124.856231,336.026759,323.470289,331.448363,1.32262972,0.908658193,1.32262972,0.986792569,0.0
281,0.163969,0.302985,0.128684,-0.33213000000000004,-0.15975799999999998,-38018.9,2.07321,125.083389,339.2179,326.870929,334.76797,1.31592293,0.910920873,1.31592293,0.98736232,0.0
282,0.163969,0.302985,0.128684,-0.33213000000000004,-0.15975799999999998,-38904.5,2.07321,125.305471,342.456384,330.314703,338.131323,1.3093306,0.913128303,1.3093306,0.987908854,0.0
283,0.163969,0.302985,0.128684,-0.33213000000000004,-0.15975799999999998,-39810.7,2.07321,125.522559,345.742341,333.801806,341.538629,1.30285281,0.915281435,1.30285281,0.988432957,0.0
284,0.164027,0.30301300000000003,0.128745,-0.33158899999999997,-0.15850799999999998,-36307.8,2.07321,124.799119,332.822912,319.993774,328.089159,1.32917628,0.906432987,1.32917628,0.986222976,0.0
285,0.164027,0.30301300000000003,0.128745,-0.33158899999999997,-0.15850799999999998,-37153.5,2.07321,125.030725,335.967946,323.353131,331.366456,1.32235363,0.908751678,1.32235363,0.986816298,0.0
286,0.164027,0.30301300000000003,0.128745,-0.33158899999999997,-0.15850799999999998,-38018.9,2.07321,125.257157,339.159791,326.75499,334.686875,1.31564638,0.911013806,1.31564638,0.987385516,0.0
287,0.164027,0.30301300000000003,0.128745,-0.33158899999999997,-0.15850799999999998,-38904.5,2.07321,125.478524,342.398974,330.199973,338.051036,1.30905387,0.913220606,1.30905387,0.987931505,0.0
288,0.16408499999999998,0.30304200000000003,0.128807,-0.33105300000000004,-0.15726099999999998,-35481.3,2.07321,124.737567,329.66417,316.556869,324.771126,1.33584225,0.904150237,1.33584225,0.985629237,0.0
289,0.16408499999999998,0.30304200000000003,0.128807,-0.33105300000000004,-0.15726099999999998,-36307.8,2.07321,124.973721,332.76367,319.875627,328.006782,1.32890243,0.906526401,1.32890243,0.986247071,0.0
290,0.16408499999999998,0.30304200000000003,0.128807,-0.33105300000000004,-0.15726099999999998,-37153.5,2.07321,125.204598,335.909409,323.236212,331.284894,1.32207902,0.908844629,1.32207902,0.986839876,0.0
291,0.16408499999999998,0.30304200000000003,0.128807,-0.33105300000000004,-0.15726099999999998,-38018.9,2.07321,125.430311,339.101955,326.639289,334.606123,1.31537131,0.911106211,1.31537131,0.987408563,0.0
292,0.164143,0.30307,0.128867,-0.330521,-0.15601700000000002,-34673.7,2.07321,124.670828,326.550649,313.159655,321.494299,1.34262595,0.901809471,1.34262595,0.985010652,0.0
293,0.164143,0.30307,0.128867,-0.330521,-0.15601700000000002,-35481.3,2.07321,124.911576,329.604468,316.437726,324.688234,1.33556941,0.90424401,1.33556941,0.985653813,0.0
294,0.164143,0.30307,0.128867,-0.330521,-0.15601700000000002,-36307.8,2.07321,125.146998,332.704676,319.75772,327.924709,1.32862857,0.90661979,1.32862857,0.986271143,0.0
295,0.164143,0.30307,0.128867,-0.330521,-0.15601700000000002,-37153.5,2.07321,125.37715,335.851119,323.119531,331.203633,1.32180443,0.908937546,1.32180443,0.986863429,0.0
296,0.1642,0.303097,0.12892699999999999,-0.329995,-0.154775,-33884.4,2.07321,124.598828,323.481275,309.800863,318.25759,1.34952984,0.899408752,1.34952984,0.984366117,0.0
297,0.1642,0.303097,0.12892699999999999,-0.329995,-0.154775,-34673.7,2.07321,124.844308,326.49043,313.039412,321.41094,1.34235443,0.901903504,1.34235443,0.985035691,0.0
298,0.1642,0.303097,0.12892699999999999,-0.329995,-0.154775,-35481.3,2.07321,125.084319,329.54496,316.31873,324.605695,1.33529658,0.904337747,1.33529658,0.985678364,0.0
299,0.1642,0.303097,0.12892699999999999,-0.329995,-0.154775,-36307.8,2.07321,125.319012,332.645875,319.63996,327.842985,1.32835474,0.906713135,1.32835474,0.986295188,0.0
300,0.1642,0.303097,0.12892699999999999,-0.329995,-0.154775,-37153.5,2.07321,125.548446,335.79302,323.002997,331.122718,1.32152992,0.909030409,1.32152992,0.986886952,0.0
301,0.16425599999999999,0.303125,0.128987,-0.329472,-0.15353499999999998,-33884.4,2.07321,124.772571,323.420539,309.679513,318.173621,1.34926142,0.899502439,1.34926142,0.98439146,0.0
302,0.16425599999999999,0.303125,0.128987,-0.329472,-0.15353499999999998,-34673.7,2.07321,125.017311,326.430406,312.919317,321.327794,1.34208436,0.901997009,1.34208436,0.985060573,0.0
303,0.16425599999999999,0.303125,0.128987,-0.329472,-0.15353499999999998,-35481.3,2.07321,125.256591,329.485644,316.19988,324.523369,1.33502518,0.904430965,1.33502518,0.985702764,0.0
304,0.16425599999999999,0.303125,0.128987,-0.329472,-0.15353499999999998,-36307.8,2.07321,125.490561,332.587263,319.522346,327.761471,1.32808234,0.90680597,1.32808234,0.986319086,0.0
305,0.16431199999999999,0.303152,0.129046,-0.328955,-0.152299,-33113.1,2.07321,124.695288,320.395011,306.358238,314.976534,1.35628901,0.897040157,1.35628901,0.983720328,0.0
306,0.16431199999999999,0.303152,0.129046,-0.328955,-0.152299,-33884.4,2.07321,124.944808,323.360127,309.558506,318.090106,1.34899321,0.899596026,1.34899321,0.98441676,0.0
307,0.16431199999999999,0.303152,0.129046,-0.328955,-0.152299,-34673.7,2.07321,125.188813,326.370704,312.799564,321.2451,1.34181453,0.902090401,1.34181453,0.985085409,0.0
308,0.16431199999999999,0.303152,0.129046,-0.328955,-0.152299,-35481.3,2.07321,125.427367,329.426648,316.08137,324.441488,1.33475407,0.904524059,1.33475407,0.985727115,0.0
309,0.16436800000000001,0.303179,0.129104,-0.328441,-0.151064,-32359.4,2.07321,124.613177,317.413375,303.074871,311.818985,1.36343791,0.894515238,1.36343791,0.983021277,0.0
310,0.16436800000000001,0.303179,0.129104,-0.328441,-0.151064,-33113.1,2.07321,124.867561,320.334056,306.236018,314.892364,1.35602301,0.897133713,1.35602301,0.983746019,0.0
311,0.16436800000000001,0.303179,0.129104,-0.328441,-0.151064,-33884.4,2.07321,125.116342,323.299884,309.43755,318.00676,1.34872526,0.899689495,1.34872526,0.984442013,0.0
312,0.16436800000000001,0.303179,0.129104,-0.328441,-0.151064,-34673.7,2.07321,125.359617,326.311169,312.679862,321.162572,1.34154497,0.902183672,1.34154497,0.985110198,0.0
313,0.164423,0.303206,0.129162,-0.327933,-0.149833,-32359.4,2.07321,124.785003,317.352032,302.951727,311.734449,1.36317546,0.894608292,1.36317546,0.983047233,0.0
314,0.164423,0.303206,0.129162,-0.327933,-0.149833,-33113.1,2.07321,125.038647,320.273425,306.114145,314.808652,1.35575827,0.897226798,1.35575827,0.983771567,0.0
315,0.164423,0.303206,0.129162,-0.327933,-0.149833,-33884.4,2.07321,125.286697,323.239961,309.316938,317.923869,1.34845858,0.899782493,1.34845858,0.984467124,0.0
316,0.164423,0.303206,0.129162,-0.327933,-0.149833,-34673.7,2.07321,125.529248,326.25195,312.560501,321.080496,1.34127669,0.902276472,1.34127669,0.985134846,0.0
317,0.16447699999999998,0.303232,0.129219,-0.32742899999999997,-0.14860399999999999,-31622.8,2.07321,124.697029,314.413155,299.704555,308.615318,1.3704508,0.892018459,1.3704508,0.982319385,0.0
318,0.16447699999999998,0.303232,0.129219,-0.32742899999999997,-0.14860399999999999,-32359.4,2.07321,124.955658,317.290854,302.828732,311.650181,1.36291278,0.894701401,1.36291278,0.98307319,0.0
319,0.16447699999999998,0.303232,0.129219,-0.32742899999999997,-0.14860399999999999,-33113.1,2.07321,125.208567,320.212957,305.992422,314.725208,1.35549332,0.897319928,1.35549332,0.983797112,0.0
320,0.16447699999999998,0.303232,0.129219,-0.32742899999999997,-0.14860399999999999,-33884.4,2.07321,125.455889,323.1802,309.196476,317.841242,1.34819172,0.899875524,1.34819172,0.984492228,0.0
321,0.16453099999999998,0.30325799999999997,0.129275,-0.32692899999999997,-0.147377,-30903.0,2.07321,124.603871,311.517515,296.494429,305.534904,1.3778495,0.889362776,1.3778495,0.9815614,0.0
322,0.16453099999999998,0.30325799999999997,0.129275,-0.32692899999999997,-0.147377,-31622.8,2.07321,124.867542,314.351509,299.58043,308.530493,1.3701913,0.892111202,1.3701913,0.982345644,0.0
323,0.16453099999999998,0.30325799999999997,0.129275,-0.32692899999999997,-0.147377,-32359.4,2.07321,125.125433,317.229919,302.705888,311.566183,1.36265066,0.894794287,1.36265066,0.983099069,0.0
324,0.16453099999999998,0.30325799999999997,0.129275,-0.32692899999999997,-0.147377,-33113.1,2.07321,125.377611,320.152731,305.870848,314.64203,1.35522894,0.89741283,1.35522894,0.98382258,0.0
325,0.16458399999999998,0.303284,0.129331,-0.326434,-0.146153,-30903.0,2.07321,124.774119,311.455417,296.369266,305.449621,1.37759394,0.889454878,1.37759394,0.981587883,0.0
326,0.16458399999999998,0.303284,0.129331,-0.326434,-0.146153,-31622.8,2.07321,125.037051,314.290122,299.456557,308.446038,1.36993274,0.892203581,1.36993274,0.982371786,0.0
327,0.16458399999999998,0.303284,0.129331,-0.326434,-0.146153,-32359.4,2.07321,125.29421,317.16924,302.583295,311.482551,1.36238948,0.894886809,1.36238948,0.983124833,0.0
328,0.16458399999999998,0.303284,0.129331,-0.326434,-0.146153,-33113.1,2.07321,125.545663,320.092757,305.749524,314.559216,1.35496553,0.897505367,1.35496553,0.983847933,0.0
329,0.16463699999999998,0.303309,0.129386,-0.325943,-0.144931,-30199.5,2.07321,124.675125,308.601702,293.194179,302.406537,1.38512105,0.886730989,1.38512105,0.980798802,0.0
330,0.16463699999999998,0.303309,0.129386,-0.325943,-0.144931,-30903.0,2.07321,124.943232,311.39351,296.244255,305.364611,1.37733784,0.889547146,1.37733784,0.9816144,0.0
331,0.16463699999999998,0.303309,0.129386,-0.325943,-0.144931,-31622.8,2.07321,125.205429,314.228925,299.332835,308.361855,1.36967368,0.892296112,1.36967368,0.982397956,0.0
332,0.16463699999999998,0.303309,0.129386,-0.325943,-0.144931,-32359.4,2.07321,125.46186,317.108751,302.460852,311.399188,1.36212785,0.894979466,1.36212785,0.98315062,0.0
333,0.164689,0.30333499999999997,0.129441,-0.325457,-0.14371099999999998,-30199.5,2.07321,124.844316,308.539368,293.06802,302.321023,1.38487018,0.886822146,1.38487018,0.980825405,0.0
334,0.164689,0.30333499999999997,0.129441,-0.325457,-0.14371099999999998,-30903.0,2.07321,125.111688,311.331885,296.119396,305.279926,1.3770836,0.88963872,1.3770836,0.981640703,0.0
335,0.164689,0.30333499999999997,0.129441,-0.325457,-0.14371099999999998,-31622.8,2.07321,125.373156,314.168006,299.209265,308.277993,1.36941646,0.892387957,1.36941646,0.982423918,0.0
336,0.164741,0.30336,0.129495,-0.324975,-0.142494,-29512.1,2.07321,124.739714,305.728,289.928261,299.315574,1.39252601,0.884028563,1.39252601,0.980004079,0.0
337,0.164741,0.30336,0.129495,-0.324975,-0.142494,-30199.5,2.07321,125.012286,308.477264,292.942118,302.235836,1.3846189,0.886913429,1.3846189,0.98085203,0.0
338,0.164741,0.30336,0.129495,-0.324975,-0.142494,-30903.0,2.07321,125.278927,311.270488,295.994791,305.195564,1.37682898,0.889730402,1.37682898,0.981667023,0.0
339,0.164741,0.30336,0.129495,-0.324975,-0.142494,-31622.8,2.07321,125.53967,314.107314,299.085948,308.194452,1.36915891,0.892479895,1.36915891,0.982449892,0.0
340,0.164792,0.303385,0.129549,-0.324498,-0.141279,-28840.3,2.07321,124.629593,302.958538,286.823843,296.347268,1.40030835,0.88116388,1.40030835,0.97914895,0.0
341,0.164792,0.303385,0.129549,-0.324498,-0.141279,-29512.1,2.07321,124.907509,305.665416,289.801204,299.229885,1.39227925,0.884118984,1.39227925,0.980030859,0.0
342,0.164792,0.303385,0.129549,-0.324498,-0.141279,-30199.5,2.07321,125.179348,308.415387,292.816368,302.150975,1.3843684,0.887004401,1.3843684,0.980878552,0.0
343,0.164792,0.303385,0.129549,-0.324498,-0.141279,-30903.0,2.07321,125.445263,311.209316,295.870339,305.111527,1.37657516,0.889821772,1.37657516,0.981693241,0.0
344,0.16484300000000002,0.30340900000000004,0.129602,-0.324025,-0.140067,-28840.3,2.07321,124.796904,302.89548,286.695727,296.261079,1.40006526,0.881253744,1.40006526,0.979175972,0.0
345,0.16484300000000002,0.30340900000000004,0.129602,-0.324025,-0.140067,-29512.1,2.07321,125.074086,305.603065,289.674405,299.144527,1.39203204,0.884209545,1.39203204,0.980057667,0.0
346,0.16484300000000002,0.30340900000000004,0.129602,-0.324025,-0.140067,-30199.5,2.07321,125.345198,308.353741,292.690875,302.066443,1.38411749,0.887095496,1.38411749,0.980905096,0.0
347,0.164893,0.30343400000000004,0.129655,-0.323556,-0.13885699999999998,-28183.8,2.07321,124.68105,300.167382,283.625392,293.329187,1.40797869,0.878315582,1.40797869,0.978285976,0.0
348,0.164893,0.30343400000000004,0.129655,-0.323556,-0.13885699999999998,-28840.3,2.07321,124.963645,302.832677,286.567765,296.175172,1.39982393,0.881342933,1.39982393,0.979202777,0.0
349,0.164893,0.30343400000000004,0.129655,-0.323556,-0.13885699999999998,-29512.1,2.07321,125.240099,305.540965,289.54776,299.059449,1.39178657,0.88429944,1.39178657,0.980084265,0.0
350,0.164893,0.30343400000000004,0.129655,-0.323556,-0.13885699999999998,-30199.5,2.07321,125.510489,308.292342,292.565536,301.982187,1.38386832,0.887185934,1.38386832,0.980931435,0.0
351,0.164943,0.303458,0.129707,-0.323092,-0.137649,-28183.8,2.07321,124.847307,300.104109,283.496258,293.242783,1.40774141,0.878404064,1.40774141,0.978312973,0.0
352,0.164943,0.303458,0.129707,-0.323092,-0.137649,-28840.3,2.07321,125.129173,302.770107,286.439958,296.089599,1.39958212,0.881432276,1.39958212,0.979229617,0.0
353,0.164943,0.303458,0.129707,-0.323092,-0.137649,-29512.1,2.07321,125.404904,305.479097,289.421269,298.974701,1.39154067,0.884389471,1.39154067,0.980110891,0.0
354,0.164993,0.30348200000000003,0.12975799999999998,-0.32263200000000003,-0.136443,-27542.3,2.07321,124.725343,297.41727,280.459672,290.347105,1.41578485,0.875391281,1.41578485,0.977386977,0.0
355,0.164993,0.30348200000000003,0.12975799999999998,-0.32263200000000003,-0.136443,-28183.8,2.07321,125.01269,300.041095,283.36728,293.156663,1.40750463,0.878492338,1.40750463,0.978339895,0.0
356,0.164993,0.30348200000000003,0.12975799999999998,-0.32263200000000003,-0.136443,-28840.3,2.07321,125.293833,302.707793,286.312306,296.004308,1.39934082,0.881521405,1.39934082,0.97925638,0.0
357,0.164993,0.30348200000000003,0.12975799999999998,-0.32263200000000003,-0.136443,-29512.1,2.07321,125.568845,305.417483,289.294932,298.890233,1.39129529,0.884479283,1.39129529,0.980137438,0.0
358,0.16504100000000002,0.303505,0.12980899999999998,-0.322176,-0.13524,-26915.3,2.07321,124.597272,294.771084,277.456959,287.48708,1.42395558,0.872302497,1.42395558,0.976423352,0.0
359,0.16504100000000002,0.303505,0.12980899999999998,-0.322176,-0.13524,-27542.3,2.07321,124.890265,297.353706,280.329621,290.260492,1.41555288,0.875478553,1.41555288,0.977413995,0.0
360,0.16504100000000002,0.303505,0.12980899999999998,-0.322176,-0.13524,-28183.8,2.07321,125.176889,299.978231,283.238564,293.070881,1.40726773,0.878580635,1.40726773,0.978366811,0.0
361,0.16504100000000002,0.303505,0.12980899999999998,-0.322176,-0.13524,-28840.3,2.07321,125.457312,302.645628,286.184914,295.919351,1.39909943,0.881610544,1.39909943,0.979283133,0.0
362,0.16509000000000001,0.303529,0.129859,-0.321725,-0.13403900000000002,-26915.3,2.07321,124.762233,294.70721,277.325718,287.399974,1.42373056,0.872387945,1.42373056,0.976450202,0.0
363,0.16509000000000001,0.303529,0.129859,-0.321725,-0.13403900000000002,-27542.3,2.07321,125.054504,297.290528,280.199725,290.174219,1.41532246,0.875565222,1.41532246,0.977440815,0.0
364,0.16509000000000001,0.303529,0.129859,-0.321725,-0.13403900000000002,-28183.8,2.07321,125.340409,299.915749,283.110003,292.985435,1.40703236,0.878668332,1.40703236,0.978393533,0.0
365,0.165138,0.303552,0.129909,-0.321278,-0.13284,-26302.7,2.07321,124.628235,292.102013,274.356215,284.575682,1.43203214,0.869220965,1.43203214,0.975447835,0.0
366,0.165138,0.303552,0.129909,-0.321278,-0.13284,-26915.3,2.07321,124.926135,294.643473,277.194634,287.313159,1.42350494,0.8724736,1.42350494,0.976477106,0.0
367,0.165138,0.303552,0.129909,-0.321278,-0.13284,-27542.3,2.07321,125.217688,297.227486,280.069986,290.088234,1.41509147,0.875652082,1.41509147,0.977467683,0.0
368,0.165138,0.303552,0.129909,-0.321278,-0.13284,-28183.8,2.07321,125.502879,299.853402,282.981598,292.900275,1.40679647,0.878756205,1.40679647,0.978420297,0.0
369,0.165185,0.303575,0.129958,-0.320835,-0.131643,-26302.7,2.07321,124.791951,292.037823,274.223933,284.488325,1.43181311,0.869304906,1.43181311,0.975474593,0.0
370,0.165185,0.303575,0.129958,-0.320835,-0.131643,-26915.3,2.07321,125.089134,294.579975,277.063706,287.226634,1.42328008,0.872558946,1.42328008,0.976503902,0.0
371,0.165185,0.303575,0.129958,-0.320835,-0.131643,-27542.3,2.07321,125.379973,297.164681,279.940404,290.002537,1.41486125,0.875738629,1.41486125,0.977494443,0.0
372,0.165232,0.303597,0.13000699999999998,-0.320396,-0.130448,-25704.0,2.07321,124.651662,289.472475,271.286396,281.698538,1.44024724,0.866057347,1.44024724,0.974431875,0.0
373,0.165232,0.303597,0.13000699999999998,-0.320396,-0.130448,-26302.7,2.07321,124.954648,291.973794,274.091807,284.40126,1.43159317,0.869389178,1.43159317,0.975501447,0.0
374,0.165232,0.303597,0.13000699999999998,-0.320396,-0.130448,-26915.3,2.07321,125.251117,294.516639,276.932936,287.140399,1.42305434,0.872644604,1.42305434,0.976530785,0.0
375,0.165232,0.303597,0.13000699999999998,-0.320396,-0.130448,-27542.3,2.07321,125.541246,297.102038,279.810978,289.917128,1.41463019,0.87582547,1.41463019,0.977521281,0.0
376,0.165278,0.30362,0.130055,-0.31996199999999997,-0.12925599999999998,-25704.0,2.07321,124.814223,289.408147,271.153175,281.611042,1.44003586,0.866139121,1.44003586,0.974458318,0.0
377,0.165278,0.30362,0.130055,-0.31996199999999997,-0.12925599999999998,-26302.7,2.07321,125.1165,291.910153,273.95995,284.314595,1.43137549,0.869472561,1.43137549,0.975528007,0.0
378,0.165278,0.30362,0.130055,-0.31996199999999997,-0.12925599999999998,-26915.3,2.07321,125.412262,294.453685,276.802432,287.054561,1.42283086,0.87272938,1.42283086,0.97655738,0.0
379,0.165324,0.303642,0.130103,-0.31953200000000004,-0.128065,-25118.9,2.07321,124.667695,286.882543,268.247248,278.855497,1.44860403,0.862808593,1.44860403,0.973373591,0.0
380,0.165324,0.303642,0.130103,-0.31953200000000004,-0.128065,-25704.0,2.07321,124.975863,289.343941,271.02,281.523787,1.43982339,0.866221296,1.43982339,0.974484882,0.0
381,0.165324,0.303642,0.130103,-0.31953200000000004,-0.128065,-26302.7,2.07321,125.277432,291.846633,273.82814,284.22817,1.43115677,0.869556325,1.43115677,0.975554678,0.0
382,0.165324,0.303642,0.130103,-0.31953200000000004,-0.128065,-26915.3,2.07321,125.572491,294.390853,276.671977,286.968961,1.42260637,0.872814519,1.42260637,0.976584079,0.0
383,0.16537000000000002,0.303664,0.13015,-0.31910700000000003,-0.126877,-25118.9,2.07321,124.82899,286.818005,268.112968,278.767814,1.44839902,0.862888664,1.44839902,0.973399854,0.0
384,0.16537000000000002,0.303664,0.13015,-0.31910700000000003,-0.126877,-25704.0,2.07321,125.136453,289.280084,270.887095,281.436936,1.43961165,0.866303172,1.43961165,0.974511338,0.0
385,0.16537000000000002,0.303664,0.13015,-0.31910700000000003,-0.126877,-26302.7,2.07321,125.437322,291.78346,273.696599,284.142146,1.43093879,0.869639781,1.43093879,0.97558124,0.0
386,0.165415,0.303685,0.130197,-0.318685,-0.125691,-24547.1,2.07321,124.675889,284.331843,265.238379,276.046167,1.45709993,0.859473792,1.45709993,0.972271757,0.0
387,0.165415,0.303685,0.130197,-0.318685,-0.125691,-25118.9,2.07321,124.989332,286.753565,267.978848,278.680376,1.44819319,0.862969037,1.44819319,0.973426208,0.0
388,0.165415,0.303685,0.130197,-0.318685,-0.125691,-25704.0,2.07321,125.296094,289.216326,270.754349,281.350327,1.43939911,0.866385334,1.43939911,0.974537878,0.0
389,0.165459,0.303707,0.130243,-0.318268,-0.12450599999999999,-24547.1,2.07321,124.836267,284.267043,265.102918,275.958196,1.45690336,0.859551317,1.45690336,0.972297548,0.0
390,0.165459,0.303707,0.130243,-0.318268,-0.12450599999999999,-25118.9,2.07321,125.149013,286.689441,267.844774,278.593237,1.44798939,0.863048598,1.44798939,0.973452286,0.0
391,0.165459,0.303707,0.130243,-0.318268,-0.12450599999999999,-25704.0,2.07321,125.455081,289.15288,270.62165,281.264015,1.4391886,0.866466694,1.4391886,0.974564149,0.0
392,0.16550299999999998,0.303728,0.13028800000000001,-0.317855,-0.123324,-23988.3,2.07321,124.676633,281.820176,262.259138,273.270076,1.46573839,0.856049605,1.46573839,0.971124312,0.0
393,0.16550299999999998,0.303728,0.13028800000000001,-0.317855,-0.123324,-24547.1,2.07321,124.995452,284.202489,264.967732,275.870582,1.45670602,0.859629127,1.45670602,0.972323425,0.0
394,0.16550299999999998,0.303728,0.13028800000000001,-0.317855,-0.123324,-25118.9,2.07321,125.307506,286.625561,267.710972,278.506452,1.44778487,0.863128421,1.44778487,0.973478442,0.0
395,0.165547,0.303749,0.130334,-0.317446,-0.122144,-23988.3,2.07321,124.835835,281.755144,262.122717,273.181933,1.46554891,0.856125076,1.46554891,0.971149776,0.0
396,0.165547,0.303749,0.130334,-0.317446,-0.122144,-24547.1,2.07321,125.153965,284.138128,264.832706,275.78327,1.45650885,0.859706855,1.45650885,0.972349267,0.0
397,0.165547,0.303749,0.130334,-0.317446,-0.122144,-25118.9,2.07321,125.46533,286.561873,267.57733,278.419966,1.44758053,0.863208156,1.44758053,0.973504559,0.0
398,0.16559000000000001,0.30377,0.130378,-0.31704099999999996,-0.120965,-23442.3,2.07321,124.669901,279.347597,259.30968,270.527302,1.47451583,0.852535379,1.47451583,0.969930057,0.0
399,0.16559000000000001,0.30377,0.130378,-0.31704099999999996,-0.120965,-23988.3,2.07321,124.99414,281.690365,261.98634,273.094038,1.46536015,0.856200245,1.46536015,0.97117513,0.0
400,0.16559000000000001,0.30377,0.130378,-0.31704099999999996,-0.120965,-24547.1,2.07321,125.311585,284.074017,264.697725,275.696205,1.45631241,0.859784275,1.45631241,0.972374998,0.0
401,0.165633,0.30379,0.130422,-0.31664000000000003,-0.119789,-23442.3,2.07321,124.827797,279.28236,259.172173,270.438937,1.4743343,0.852608416,1.4743343,0.969955047,0.0
402,0.165633,0.30379,0.130422,-0.31664000000000003,-0.119789,-23988.3,2.07321,125.151354,281.625792,261.850239,273.006504,1.46517045,0.85627577,1.46517045,0.971200597,0.0
403,0.165633,0.30379,0.130422,-0.31664000000000003,-0.119789,-24547.1,2.07321,125.468117,284.010111,264.563019,275.609497,1.45611508,0.859862028,1.45611508,0.972400831,0.0
404,0.165675,0.303811,0.130466,-0.316243,-0.11861400000000001,-22908.7,2.07321,124.655393,276.913402,256.389036,267.816961,1.48343452,0.848928076,1.48343452,0.968686952,0.0
405,0.165675,0.303811,0.130466,-0.316243,-0.11861400000000001,-23442.3,2.07321,124.985215,279.217368,259.034711,270.350824,1.47415462,0.852680698,1.47415462,0.969979772,0.0
406,0.165675,0.303811,0.130466,-0.316243,-0.11861400000000001,-23988.3,2.07321,125.308096,281.56146,261.714184,272.919219,1.46498258,0.856350553,1.46498258,0.971225806,0.0
407,0.165717,0.303831,0.130509,-0.31585100000000005,-0.117442,-22908.7,2.07321,124.81221,276.848044,256.250436,267.728437,1.48326277,0.848997891,1.48326277,0.968711174,0.0
408,0.165717,0.303831,0.130509,-0.31585100000000005,-0.117442,-23442.3,2.07321,125.14136,279.152666,258.897527,270.26313,1.47397419,0.852753261,1.47397419,0.970004585,0.0
409,0.165717,0.303831,0.130509,-0.31585100000000005,-0.117442,-23988.3,2.07321,125.463568,281.497418,261.578405,272.832351,1.46479403,0.856425591,1.46479403,0.971251092,0.0
410,0.165758,0.30385100000000004,0.130552,-0.315463,-0.116271,-22387.2,2.07321,124.632799,274.517353,253.496693,265.138714,1.49249486,0.845225296,1.49249486,0.967393126,0.0
411,0.165758,0.30385100000000004,0.130552,-0.315463,-0.116271,-22908.7,2.07321,124.96832,276.782861,256.111879,267.640167,1.4830915,0.849067502,1.4830915,0.968735319,0.0
412,0.165758,0.30385100000000004,0.130552,-0.315463,-0.116271,-23442.3,2.07321,125.296802,279.088137,258.760388,270.175689,1.47379425,0.852825617,1.47379425,0.970029321,0.0
413,0.165799,0.30387,0.13059400000000002,-0.315079,-0.115102,-22387.2,2.07321,124.788489,274.451729,253.356869,265.049925,1.49233174,0.845292302,1.49233174,0.967416698,0.0
414,0.165799,0.30387,0.13059400000000002,-0.315079,-0.115102,-22908.7,2.07321,125.123346,276.717886,255.973484,267.552208,1.4829192,0.849137514,1.4829192,0.968759597,0.0
415,0.165799,0.30387,0.13059400000000002,-0.315079,-0.115102,-23442.3,2.07321,125.451164,279.023815,258.62341,270.088555,1.47361333,0.85289835,1.47361333,0.970054179,0.0
416,0.16583900000000001,0.30389,0.130635,-0.314698,-0.113935,-21877.6,2.07321,124.602339,272.159418,250.632488,262.492341,1.50169473,0.841425596,1.50169473,0.966047009,0.0
417,0.16583900000000001,0.30389,0.130635,-0.314698,-0.113935,-22387.2,2.07321,124.94361,274.386399,253.217208,264.961392,1.49217062,0.845358474,1.49217062,0.96743997,0.0
418,0.16583900000000001,0.30389,0.130635,-0.314698,-0.113935,-22908.7,2.07321,125.277808,276.653201,255.835251,267.464504,1.48274889,0.849206704,1.48274889,0.968783584,0.0
419,0.165879,0.30390900000000004,0.130676,-0.314322,-0.11277000000000001,-21877.6,2.07321,124.757033,272.093657,250.49155,262.40335,1.50154226,0.841488901,1.50154226,0.966069587,0.0
420,0.165879,0.30390900000000004,0.130676,-0.314322,-0.11277000000000001,-22387.2,2.07321,125.09765,274.321278,253.077709,264.873231,1.49200844,0.845425069,1.49200844,0.967463386,0.0
421,0.165879,0.30390900000000004,0.130676,-0.314322,-0.11277000000000001,-22908.7,2.07321,125.431194,276.588725,255.69718,267.377167,1.48257757,0.849276292,1.48257757,0.968807702,0.0
422,0.165919,0.30392800000000003,0.130717,-0.31395,-0.111606,-21877.6,2.07321,124.911062,272.028099,250.350653,262.314617,1.50138991,0.841552142,1.50138991,0.966092137,0.0
423,0.165919,0.30392800000000003,0.130717,-0.31395,-0.111606,-22387.2,2.07321,125.25103,274.256358,252.938253,264.785326,1.49184641,0.845491595,1.49184641,0.967486772,0.0
424,0.165919,0.30392800000000003,0.130717,-0.31395,-0.111606,-22908.7,2.07321,125.583922,276.524447,255.559154,267.290086,1.4824064,0.849345805,1.4824064,0.968831787,0.0
425,0.165958,0.30394699999999997,0.13075699999999998,-0.313582,-0.110445,-21379.6,2.07321,124.717613,269.773373,247.653788,259.78827,1.51089237,0.837586089,1.51089237,0.964668176,0.0
426,0.165958,0.30394699999999997,0.13075699999999998,-0.313582,-0.110445,-21877.6,2.07321,125.06411,271.962847,250.210041,262.226259,1.50123835,0.841615044,1.50123835,0.966114562,0.0
427,0.165958,0.30394699999999997,0.13075699999999998,-0.313582,-0.110445,-22387.2,2.07321,125.403433,274.191741,252.79908,264.697792,1.49168518,0.845557774,1.49168518,0.96751003,0.0
428,0.165996,0.303965,0.130797,-0.313218,-0.109285,-21379.6,2.07321,124.870376,269.707592,247.511766,259.699344,1.51075003,0.837645818,1.51075003,0.964689768,0.0
429,0.165996,0.303965,0.130797,-0.313218,-0.109285,-21877.6,2.07321,125.216233,271.897695,250.06947,262.13816,1.50108581,0.841678343,1.50108581,0.966137122,0.0
430,0.165996,0.303965,0.130797,-0.313218,-0.109285,-22387.2,2.07321,125.554915,274.127224,252.65995,264.610516,1.491523,0.845624332,1.491523,0.967533415,0.0
431,0.166034,0.303983,0.13083599999999998,-0.31285799999999997,-0.108126,-20893.0,2.07321,124.669959,267.490756,244.843374,257.204534,1.52037897,0.833582693,1.52037897,0.963210927,0.0
432,0.166034,0.303983,0.13083599999999998,-0.31285799999999997,-0.108126,-21379.6,2.07321,125.022386,269.642057,247.369784,259.610679,1.51060792,0.837705445,1.51060792,0.964711317,0.0
433,0.166034,0.303983,0.13083599999999998,-0.31285799999999997,-0.108126,-21877.6,2.07321,125.367608,271.832788,249.928942,262.050321,1.50093351,0.84174153,1.50093351,0.966159638,0.0
434,0.166072,0.304001,0.130875,-0.31250300000000003,-0.10697000000000001,-20893.0,2.07321,124.821658,267.424938,244.700216,257.115481,1.52024801,0.833638259,1.52024801,0.963231289,0.0
435,0.166072,0.304001,0.130875,-0.31250300000000003,-0.10697000000000001,-21379.6,2.07321,125.173457,269.576857,247.228089,259.522452,1.51046624,0.837764882,1.51046624,0.964732794,0.0
436,0.166072,0.304001,0.130875,-0.31250300000000003,-0.10697000000000001,-21877.6,2.07321,125.518048,271.768213,249.788699,261.962915,1.50078167,0.841804517,1.50078167,0.966182077,0.0
437,0.16610899999999998,0.304019,0.130913,-0.312151,-0.105815,-20417.4,2.07321,124.614099,265.245294,242.0594,254.651268,1.53000634,0.829474329,1.53000634,0.961695093,0.0
438,0.16610899999999998,0.304019,0.130913,-0.312151,-0.105815,-20893.0,2.07321,124.97266,267.3593,244.557098,257.026633,1.52011752,0.833693617,1.52011752,0.96325157,0.0
439,0.16610899999999998,0.304019,0.130913,-0.312151,-0.105815,-21379.6,2.07321,125.323835,269.511836,247.086436,259.434428,1.51032503,0.83782411,1.51032503,0.964754191,0.0
440,0.16614600000000002,0.304037,0.130951,-0.311803,-0.10466199999999999,-20417.4,2.07321,124.764967,265.179298,241.91497,254.561917,1.52988735,0.82952539,1.52988735,0.961714058,0.0
441,0.16614600000000002,0.304037,0.130951,-0.311803,-0.10466199999999999,-20893.0,2.07321,125.122912,267.293912,244.414145,256.938108,1.51998725,0.833748877,1.51998725,0.963271811,0.0
442,0.16614600000000002,0.304037,0.130951,-0.311803,-0.10466199999999999,-21379.6,2.07321,125.473469,269.447062,246.944947,259.346725,1.51018405,0.837883231,1.51018405,0.964775545,0.0
443,0.166183,0.304054,0.13098800000000002,-0.31145900000000004,-0.10351099999999999,-20417.4,2.07321,124.914771,265.113515,241.770705,254.472892,1.52976711,0.82957698,1.52976711,0.961733216,0.0
444,0.166183,0.304054,0.13098800000000002,-0.31145900000000004,-0.10351099999999999,-20893.0,2.07321,125.272103,267.228736,244.271356,256.849906,1.51985578,0.833804637,1.51985578,0.963292232,0.0
445,0.166219,0.30407199999999995,0.131025,-0.311119,-0.10236100000000001,-19952.6,2.07321,124.699948,262.970667,239.155879,252.03862,1.53966391,0.825306284,1.53966391,0.96013654,0.0
446,0.166219,0.30407199999999995,0.131025,-0.311119,-0.10236100000000001,-20417.4,2.07321,125.064102,265.047997,241.62648,254.384134,1.52964888,0.829627702,1.52964888,0.961752048,0.0
447,0.166219,0.30407199999999995,0.131025,-0.311119,-0.10236100000000001,-20893.0,2.07321,125.420827,267.163822,244.128608,256.761969,1.51972629,0.833859545,1.51972629,0.963312338,0.0
448,0.16625399999999999,0.304089,0.13106099999999998,-0.310783,-0.101212,-19952.6,2.07321,124.848874,262.904699,239.010202,251.949305,1.53955649,0.825352904,1.53955649,0.960154087,0.0
449,0.16625399999999999,0.304089,0.13106099999999998,-0.310783,-0.101212,-20417.4,2.07321,125.212429,264.982624,241.482294,254.295643,1.52952966,0.829678836,1.52952966,0.961771031,0.0
450,0.16625399999999999,0.304089,0.13106099999999998,-0.310783,-0.101212,-20893.0,2.07321,125.568549,267.099053,243.9859,256.674298,1.51959587,0.833914843,1.51959587,0.963332582,0.0
451,0.16628900000000002,0.304106,0.131097,-0.31045100000000003,-0.100066,-19498.4,2.07321,124.626536,260.798944,236.422648,249.545423,1.54957561,0.820979074,1.54957561,0.95849683,0.0
452,0.16628900000000002,0.304106,0.131097,-0.31045100000000003,-0.100066,-19952.6,2.07321,124.996961,262.839029,238.864817,251.86038,1.53944934,0.825399403,1.53944934,0.960171585,0.0
453,0.16628900000000002,0.304106,0.131097,-0.31045100000000003,-0.100066,-20417.4,2.07321,125.35992,264.917548,241.338398,254.207538,1.52941075,0.829729837,1.52941075,0.961789961,0.0
454,0.166324,0.304122,0.131133,-0.31012199999999995,-0.0989207,-19498.4,2.07321,124.774468,260.732755,236.275761,249.455866,1.54947921,0.821021401,1.54947921,0.958512974,0.0
455,0.166324,0.304122,0.131133,-0.31012199999999995,-0.0989207,-19952.6,2.07321,125.144304,262.773425,238.719433,251.771645,1.53934062,0.825446575,1.53934062,0.960189334,0.0
456,0.166324,0.304122,0.131133,-0.31012199999999995,-0.0989207,-20417.4,2.07321,125.506669,264.852539,241.194505,254.119623,1.52929029,0.829781492,1.52929029,0.96180913,0.0
457,0.166358,0.304139,0.131168,-0.309798,-0.0977772,-19498.4,2.07321,124.921661,260.666965,236.129013,249.366689,1.54938508,0.821062731,1.54938508,0.958528737,0.0
458,0.166358,0.304139,0.131168,-0.309798,-0.0977772,-19952.6,2.07321,125.290915,262.708216,238.574189,251.683289,1.53923417,0.825492758,1.53923417,0.960206709,0.0
459,0.166392,0.304155,0.13120199999999999,-0.30947800000000003,-0.09663510000000002,-19054.6,2.07321,124.691681,258.597891,233.566943,246.992452,1.5595359,0.816579356,1.5595359,0.956807468,0.0
460,0.166392,0.304155,0.13120199999999999,-0.30947800000000003,-0.09663510000000002,-19498.4,2.07321,125.067859,260.601363,235.982354,249.277809,1.54928955,0.821104668,1.54928955,0.958544728,0.0
461,0.166392,0.304155,0.13120199999999999,-0.30947800000000003,-0.09663510000000002,-19952.6,2.07321,125.436534,262.643196,238.429034,251.595228,1.53912637,0.825539519,1.53912637,0.960224298,0.0
462,0.166425,0.304171,0.131237,-0.309161,-0.0954946,-19054.6,2.07321,124.837897,258.531842,233.418882,246.902999,1.5594536,0.816615923,1.5594536,0.9568216,0.0
463,0.166425,0.304171,0.131237,-0.309161,-0.0954946,-19498.4,2.07321,125.213505,260.535884,235.83581,249.189177,1.5491944,0.821146437,1.5491944,0.958560654,0.0
464,0.166425,0.304171,0.131237,-0.309161,-0.0954946,-19952.6,2.07321,125.581603,262.578297,238.283994,251.507412,1.53901894,0.825586116,1.53901894,0.960241823,0.0
465,0.166458,0.304186,0.13127,-0.308849,-0.0943556,-18620.9,2.07321,124.600261,256.499271,230.883043,244.558305,1.56972216,0.812025768,1.56972216,0.955035928,0.0
466,0.166458,0.304186,0.13127,-0.308849,-0.0943556,-19054.6,2.07321,124.982923,258.466078,233.270922,246.813914,1.55936999,0.816653067,1.55936999,0.956835953,0.0
467,0.166458,0.304186,0.13127,-0.308849,-0.0943556,-19498.4,2.07321,125.357965,260.470689,235.689367,249.100909,1.549098,0.821188747,1.549098,0.958576783,0.0
468,0.166491,0.304202,0.131303,-0.30854000000000004,-0.0932181,-18620.9,2.07321,124.745461,256.433227,230.733654,244.468643,1.56965361,0.812056593,1.56965361,0.955047999,0.0
469,0.166491,0.304202,0.131303,-0.30854000000000004,-0.0932181,-19054.6,2.07321,125.127568,258.400591,233.123063,246.725072,1.55928806,0.81668946,1.55928806,0.956850014,0.0
470,0.166491,0.304202,0.131303,-0.30854000000000004,-0.0932181,-19498.4,2.07321,125.502048,260.405769,235.543027,249.012883,1.54900327,0.821230321,1.54900327,0.95859263,0.0
471,0.166523,0.304217,0.13133599999999998,-0.308235,-0.09208200000000001,-18620.9,2.07321,124.889726,256.367303,230.584352,244.379284,1.56958391,0.812087937,1.56958391,0.955060271,0.0
472,0.166523,0.304217,0.13133599999999998,-0.308235,-0.09208200000000001,-19054.6,2.07321,125.271282,258.335223,232.975293,246.636531,1.55920501,0.816726351,1.55920501,0.956864266,0.0
473,0.166555,0.304233,0.131369,-0.307935,-0.0909474,-18197.0,2.07321,124.644655,254.370507,228.072487,242.062904,1.57998604,0.807381261,1.57998604,0.953205282,0.0
474,0.166555,0.304233,0.131369,-0.307935,-0.0909474,-18620.9,2.07321,125.03342,256.301751,230.435151,244.290296,1.56951603,0.812118461,1.56951603,0.955072221,0.0
475,0.166555,0.304233,0.131369,-0.307935,-0.0909474,-19054.6,2.07321,125.414429,258.270224,232.827624,246.548357,1.55912378,0.816762429,1.55912378,0.956878203,0.0
476,0.16658599999999998,0.304248,0.1314,-0.307638,-0.08981410000000001,-18197.0,2.07321,124.787871,254.304575,227.921815,241.973333,1.57993094,0.807406351,1.57993094,0.953215234,0.0
477,0.16658599999999998,0.304248,0.1314,-0.307638,-0.08981410000000001,-18620.9,2.07321,125.1761,256.236361,230.286024,244.201542,1.56944704,0.81214948,1.56944704,0.955084364,0.0
478,0.16658599999999998,0.304248,0.1314,-0.307638,-0.08981410000000001,-19054.6,2.07321,125.556564,258.205386,232.680031,246.460416,1.55904148,0.816798978,1.55904148,0.95689232,0.0
479,0.16661700000000002,0.304262,0.131432,-0.307344,-0.08868229999999999,-18197.0,2.07321,124.930382,254.238698,227.771242,241.88401,1.57987416,0.807432198,1.57987416,0.953225487,0.0
480,0.16661700000000002,0.304262,0.131432,-0.307344,-0.08868229999999999,-18620.9,2.07321,125.318076,256.171027,230.136998,244.113035,1.5693764,0.812181239,1.5693764,0.955096796,0.0
481,0.166647,0.304277,0.13146300000000002,-0.307055,-0.0875518,-17782.8,2.07321,124.677328,252.277886,225.283582,239.596193,1.59040143,0.802609513,1.59040143,0.951300003,0.0
482,0.166647,0.304277,0.13146300000000002,-0.307055,-0.0875518,-18197.0,2.07321,125.072205,254.173212,227.620743,241.79505,1.57981963,0.80745702,1.57981963,0.953235332,0.0
483,0.166647,0.304277,0.13146300000000002,-0.307055,-0.0875518,-18620.9,2.07321,125.45937,256.106079,229.988047,244.024887,1.56930801,0.812211982,1.56930801,0.955108828,0.0
484,0.166677,0.304291,0.131494,-0.306769,-0.08642269999999999,-17782.8,2.07321,124.818884,252.211969,225.131608,239.506661,1.59035966,0.802628765,1.59035966,0.95130774,0.0
485,0.166677,0.304291,0.131494,-0.306769,-0.08642269999999999,-18197.0,2.07321,125.213242,254.107823,227.470331,241.706333,1.57976347,0.807482582,1.57976347,0.95324547,0.0
486,0.166707,0.304305,0.131524,-0.30648800000000004,-0.08529489999999999,-17782.8,2.07321,124.959587,252.146379,224.979707,239.417495,1.59031805,0.802647947,1.59031805,0.951315447,0.0
487,0.166707,0.304305,0.131524,-0.30648800000000004,-0.08529489999999999,-18197.0,2.07321,125.353431,254.042758,227.319993,241.617978,1.5797075,0.807508058,1.5797075,0.953255573,0.0
488,0.166736,0.304319,0.131553,-0.30621,-0.0841685,-17378.0,2.07321,124.698392,250.221019,222.515377,237.157496,1.60096914,0.797706465,1.60096914,0.94931696,0.0
489,0.166736,0.304319,0.131553,-0.30621,-0.0841685,-17782.8,2.07321,125.099577,252.081002,224.827892,239.328574,1.59027692,0.802666907,1.59027692,0.951323065,0.0
490,0.166736,0.304319,0.131553,-0.30621,-0.0841685,-18197.0,2.07321,125.49291,253.977904,227.169742,241.529867,1.57965202,0.807533309,1.57965202,0.953265587,0.0
491,0.166765,0.304333,0.131583,-0.305936,-0.0830433,-17378.0,2.07321,124.838325,250.155313,222.362043,237.06806,1.60094296,0.797718693,1.60094296,0.949321937,0.0
492,0.166765,0.304333,0.131583,-0.305936,-0.0830433,-17782.8,2.07321,125.239012,252.015806,224.676137,239.239949,1.59023583,0.802685848,1.59023583,0.951330675,0.0
493,0.166794,0.304347,0.13161199999999998,-0.305665,-0.0819195,-17378.0,2.07321,124.97759,250.089846,222.208795,236.978872,1.60091684,0.797730887,1.60091684,0.9493269,0.0
494,0.166794,0.304347,0.13161199999999998,-0.305665,-0.0819195,-17782.8,2.07321,125.377782,251.950846,224.524468,239.151571,1.59019482,0.802704748,1.59019482,0.951338269,0.0
495,0.166822,0.30435999999999996,0.13164,-0.305399,-0.08079689999999999,-16982.4,2.07321,124.708169,248.199807,219.767409,234.746495,1.61168809,0.792668787,1.61168809,0.947253241,0.0
496,0.166822,0.30435999999999996,0.13164,-0.305399,-0.08079689999999999,-17378.0,2.07321,125.11577,250.024584,222.055604,236.890046,1.60088951,0.797743646,1.60088951,0.949332093,0.0
497,0.166822,0.30435999999999996,0.13164,-0.305399,-0.08079689999999999,-17782.8,2.07321,125.51547,251.886092,224.372858,239.063552,1.59015265,0.802724183,1.59015265,0.951346076,0.0
498,0.166849,0.304373,0.131668,-0.305136,-0.0796755,-16982.4,2.07321,124.846232,248.134211,219.612681,234.657096,1.61167659,0.792674227,1.61167659,0.947255483,0.0
499,0.166849,0.304373,0.131668,-0.305136,-0.0796755,-17378.0,2.07321,125.253355,249.959481,221.902471,236.801456,1.60086262,0.797756199,1.60086262,0.949337202,0.0
500,0.166876,0.304386,0.131696,-0.304877,-0.0785554,-16982.4,2.07321,124.98364,248.06885,219.458024,234.568005,1.61166515,0.792679642,1.61166515,0.947257715,0.0
501,0.166876,0.304386,0.131696,-0.304877,-0.0785554,-17378.0,2.07321,125.390289,249.894612,221.749411,236.713172,1.6008358,0.79776872,1.6008358,0.949342298,0.0
502,0.166903,0.304399,0.131723,-0.304622,-0.07743639999999999,-16595.9,2.07321,124.706302,246.214496,217.039775,232.363461,1.62255144,0.787495734,1.62255144,0.945106951,0.0
503,0.166903,0.304399,0.131723,-0.304622,-0.07743639999999999,-16982.4,2.07321,125.120319,248.003764,219.303409,234.47921,1.61165377,0.792685024,1.61165377,0.947259934,0.0
504,0.166903,0.304399,0.131723,-0.304622,-0.07743639999999999,-17378.0,2.07321,125.526497,249.830016,221.596395,236.625182,1.60080908,0.797781199,1.60080908,0.949347376,0.0
505,0.16693,0.304411,0.13175,-0.30437,-0.0763187,-16595.9,2.07321,124.842683,246.149025,216.883618,232.274104,1.62255419,0.787494416,1.62255419,0.945106401,0.0
506,0.16693,0.304411,0.13175,-0.30437,-0.0763187,-16982.4,2.07321,125.256241,247.93877,219.148865,234.390659,1.61164066,0.792691223,1.61164066,0.94726249,0.0
